date,number,species,treatment,cohort,week,height (cm),leaf number,bolting Y/N,buds,notes
2-Jan,1,heco,low N,4,1,1.8,0,N,NA,
2-Jan,2,heco,high N,4,1,2.6,2,N,NA,
2-Jan,3,heco,high N,3,1,1.7,0,N,NA,
2-Jan,4,heco,low N,1,1,1.4,0,N,NA,
2-Jan,5,heco,low N,3,1,1.9,0,N,NA,
2-Jan,6,heco,high N,1,1,2.1,2,N,NA,
2-Jan,7,heco,high N,3,1,1.3,0,N,NA,
2-Jan,8,heco,low N,3,1,2.3,0,N,NA,
2-Jan,9,ceso,high N,3,1,2.3,0,N,NA,
2-Jan,10,ceso,high N,4,1,2,0,N,NA,
2-Jan,11,ceso,high N,2,1,1.6,0,N,NA,
2-Jan,12,ceso,low N,2,1,1.5,0,N,NA,
2-Jan,13,ceso,low N,2,1,0.6,0,N,NA,
2-Jan,14,ceso,high N,3,1,1.4,0,N,NA,
2-Jan,15,ceso,low N,4,1,1.2,0,N,NA,
2-Jan,16,ceso,low N,1,1,1.7,0,N,NA,
2-Jan,17,heco,high N,3,1,0.9,0,N,NA,
2-Jan,18,heco,low N,2,1,1,0,N,NA,
2-Jan,19,heco,high N,2,1,0.6,2,N,NA,
2-Jan,20,ceso,high N,4,1,1.7,0,N,NA,
2-Jan,21,heco,high N,2,1,1.7,0,N,NA,
2-Jan,22,ceso,low N,2,1,1.4,0,N,NA,
2-Jan,23,ceso,low N,3,1,1.5,0,N,NA,
2-Jan,24,heco,low N,3,1,0.9,0,N,NA,
2-Jan,25,ceso,low N,4,1,1.2,0,N,NA,
2-Jan,26,heco,high N,2,1,0.5,0,N,NA,
2-Jan,27,heco,high N,3,1,0.9,2,N,NA,
2-Jan,28,heco,low N,1,1,1,0,N,NA,
2-Jan,29,heco,high N,2,1,0.7,2,N,NA,
2-Jan,30,heco,high N,3,1,1.2,2,N,NA,
2-Jan,31,heco,low N,1,1,1.2,0,N,NA,
2-Jan,32,ceso,low N,3,1,1.6,0,N,NA,
2-Jan,33,heco,high N,4,1,1,2,N,NA,
2-Jan,34,heco,high N,1,1,1.1,2,N,NA,
2-Jan,35,ceso,low N,3,1,1.4,0,N,NA,
2-Jan,36,heco,high N,4,1,1,2,N,NA,
2-Jan,37,heco,high N,2,1,1.4,0,N,NA,
2-Jan,38,ceso,high N,2,1,1.7,0,N,NA,
2-Jan,39,heco,low N,3,1,1.5,0,N,NA,
2-Jan,40,ceso,low N,3,1,1.1,0,N,NA,
2-Jan,41,heco,high N,2,1,1.1,0,N,NA,
2-Jan,42,ceso,low N,1,1,1.6,0,N,NA,
2-Jan,43,ceso,high N,4,1,1.4,0,N,NA,
2-Jan,44,heco,low N,3,1,1.7,2,N,NA,
2-Jan,45,heco,high N,1,1,1.5,2,N,NA,
2-Jan,46,heco,low N,4,1,1.2,0,N,NA,
2-Jan,47,ceso,high N,1,1,2.1,0,N,NA,
2-Jan,48,ceso,high N,2,1,2.6,0,N,NA,
2-Jan,49,heco,low N,3,1,2.4,2,N,NA,
2-Jan,50,ceso,high N,2,1,2.2,0,N,NA,
2-Jan,51,heco,high N,3,1,1.4,2,N,NA,
2-Jan,52,heco,low N,3,1,1.3,0,N,NA,
2-Jan,53,heco,high N,4,1,1.8,2,N,NA,
2-Jan,54,ceso,high N,3,1,1.3,0,N,NA,
2-Jan,55,heco,high N,4,1,1.9,2,N,NA,
2-Jan,56,heco,low N,4,1,1.1,0,N,NA,
2-Jan,57,heco,high N,1,1,1.6,2,N,NA,
2-Jan,58,ceso,high N,2,1,1.9,0,N,NA,
2-Jan,59,ceso,low N,2,1,1.3,0,N,NA,
2-Jan,60,heco,high N,3,1,1.1,2,N,NA,
2-Jan,61,heco,high N,1,1,1.1,2,N,NA,
2-Jan,62,ceso,low N,2,1,1.4,0,N,NA,
2-Jan,63,heco,high N,3,1,1.2,2,N,NA,
2-Jan,64,heco,high N,2,1,1.2,2,N,NA,
2-Jan,65,heco,low N,3,1,1.5,0,N,NA,
2-Jan,66,ceso,high N,1,1,1.9,0,N,NA,
2-Jan,67,ceso,high N,4,1,2.8,0,N,NA,
2-Jan,68,ceso,low N,4,1,1.7,0,N,NA,
2-Jan,69,heco,low N,4,1,1.4,0,N,NA,
2-Jan,70,heco,low N,4,1,1.1,0,N,NA,
2-Jan,71,ceso,low N,3,1,1.4,0,N,NA,
2-Jan,72,ceso,low N,2,1,1.2,0,N,NA,
2-Jan,73,heco,low N,2,1,1.8,0,N,NA,
2-Jan,74,ceso,high N,1,1,2.1,0,N,NA,
2-Jan,75,ceso,low N,4,1,2,0,N,NA,
2-Jan,76,ceso,low N,1,1,1,0,N,NA,
2-Jan,77,ceso,high N,1,1,3.1,0,N,NA,
2-Jan,78,ceso,high N,3,1,1.3,0,N,NA,
2-Jan,79,heco,low N,2,1,1.9,0,N,NA,
2-Jan,80,ceso,low N,4,1,2,0,N,NA,
2-Jan,81,heco,low N,2,1,1.3,0,N,NA,
2-Jan,82,ceso,high N,1,1,1.7,0,N,NA,
2-Jan,83,heco,low N,1,1,1.8,0,N,NA,
2-Jan,84,ceso,low N,3,1,2.2,0,N,NA,
2-Jan,85,ceso,low N,4,1,1.8,0,N,NA,
2-Jan,86,heco,low N,3,1,2,0,N,NA,
2-Jan,87,heco,high N,1,1,2.3,2,N,NA,
2-Jan,88,ceso,high N,2,1,1.8,0,N,NA,
2-Jan,89,heco,low N,1,1,1.7,0,N,NA,
2-Jan,90,heco,high N,2,1,1.6,2,N,NA,
2-Jan,91,ceso,high N,4,1,2.5,0,N,NA,
2-Jan,92,heco,low N,2,1,2.2,0,N,NA,
2-Jan,93,ceso,high N,2,1,1.6,0,N,NA,
2-Jan,94,heco,high N,3,1,1.4,2,N,NA,
2-Jan,95,ceso,high N,4,1,1.4,0,N,NA,
2-Jan,96,ceso,high N,1,1,2.1,0,N,NA,
2-Jan,97,heco,low N,1,1,1.2,2,N,NA,
2-Jan,98,heco,low N,4,1,1.3,0,N,NA,
2-Jan,99,ceso,low N,2,1,0.9,0,N,NA,
2-Jan,100,ceso,high N,1,1,1.8,0,N,NA,
2-Jan,101,ceso,high N,2,1,1.2,0,N,NA,
2-Jan,102,heco,low N,2,1,1.8,0,N,NA,
2-Jan,103,ceso,high N,3,1,1.7,0,N,NA,
2-Jan,104,heco,low N,2,1,1.6,0,N,NA,
2-Jan,105,heco,high N,2,1,1.4,2,N,NA,
2-Jan,106,ceso,high N,3,1,1.2,2,N,NA,
2-Jan,107,ceso,low N,3,1,1,0,N,NA,
2-Jan,108,ceso,low N,1,1,1.1,0,N,NA,
2-Jan,109,heco,low N,1,1,0.7,0,N,NA,
2-Jan,110,heco,low N,2,1,1.3,0,N,NA,
2-Jan,111,ceso,high N,4,1,1.8,0,N,NA,
2-Jan,112,heco,low N,1,1,1,0,N,NA,
2-Jan,113,ceso,low N,4,1,1.1,0,N,NA,
2-Jan,114,heco,high N,3,1,1.3,2,N,NA,
2-Jan,115,heco,high N,1,1,1.8,2,N,NA,
2-Jan,116,ceso,low N,1,1,2.5,0,N,NA,
2-Jan,117,ceso,low N,4,1,1.8,0,N,NA,
2-Jan,118,ceso,low N,1,1,2.2,0,N,NA,
2-Jan,119,ceso,high N,4,1,1.6,0,N,NA,
2-Jan,120,ceso,low N,4,1,1.7,0,N,NA,
2-Jan,121,heco,high N,4,1,1.7,2,N,NA,
2-Jan,122,ceso,high N,2,1,2.9,0,N,NA,
2-Jan,123,ceso,high N,1,1,2.3,0,N,NA,
2-Jan,124,heco,high N,4,1,2,2,N,NA,
2-Jan,125,heco,high N,1,1,2.2,0,N,NA,
2-Jan,126,heco,high N,4,1,1.9,2,N,NA,
2-Jan,127,heco,high N,4,1,1.7,2,N,NA,
2-Jan,128,heco,low N,1,1,0.6,0,N,NA,
2-Jan,129,heco,low N,4,1,1.7,0,N,NA,
2-Jan,130,heco,high N,1,1,2.9,2,N,NA,
2-Jan,131,ceso,high N,3,1,2.1,0,N,NA,
2-Jan,132,heco,low N,4,1,1.7,0,N,NA,
2-Jan,133,heco,high N,2,1,1.3,2,N,NA,
2-Jan,134,heco,high N,1,1,1.6,2,N,NA,
2-Jan,135,heco,low N,2,1,1.6,0,N,NA,
2-Jan,136,ceso,low N,1,1,1.7,0,N,NA,
2-Jan,137,ceso,low N,1,1,2.4,0,N,NA,
2-Jan,138,ceso,low N,2,1,2.6,0,N,NA,
2-Jan,139,heco,low N,3,1,2.2,2,N,NA,
2-Jan,140,heco,low N,4,1,2.1,0,N,NA,
2-Jan,141,ceso,low N,1,1,1.1,0,N,NA,
2-Jan,142,ceso,high N,2,1,2,0,N,NA,
2-Jan,143,heco,high N,4,1,2.1,2,N,NA,
2-Jan,144,heco,low N,2,1,1.6,2,N,NA,
2-Jan,145,ceso,high N,4,1,1.9,0,N,NA,
2-Jan,146,ceso,low N,1,1,1.5,0,N,NA,
2-Jan,147,ceso,low N,3,1,2.7,0,N,NA,
2-Jan,148,ceso,high N,3,1,1.7,0,N,NA,
2-Jan,149,ceso,high N,1,1,2.7,0,N,NA,
2-Jan,150,heco,low N,4,1,1.9,0,N,NA,
2-Jan,151,ceso,low N,2,1,1.5,0,N,NA,
2-Jan,152,ceso,high N,3,1,2,0,N,NA,
2-Jan,153,ceso,high N,1,1,1.6,0,N,NA,
2-Jan,154,ceso,low N,2,1,2.1,0,N,NA,
2-Jan,155,ceso,low N,4,1,1.8,0,N,NA,
2-Jan,156,ceso,low N,3,1,1.8,0,N,NA,
2-Jan,157,ceso,high N,4,1,3.3,0,N,NA,
2-Jan,158,ceso,low N,3,1,2.3,0,N,NA,
2-Jan,159,ceso,high N,3,1,1.9,0,N,NA,
2-Jan,160,heco,low N,1,1,2.3,2,N,NA,
9-Jan,1,heco,low N,4,2,2.1,2,N,NA,
9-Jan,2,heco,high N,4,2,4.2,2,N,NA,
9-Jan,3,heco,high N,3,2,2.2,2,N,NA,
9-Jan,4,heco,low N,1,2,NA,NA,NA,NA,
9-Jan,5,heco,low N,3,2,2.9,2,N,NA,
9-Jan,6,heco,high N,1,2,NA,NA,NA,NA,
9-Jan,7,heco,high N,3,2,3,2,N,NA,
9-Jan,8,heco,low N,3,2,3.1,2,N,NA,
9-Jan,9,ceso,high N,3,2,3.3,2,N,NA,
9-Jan,10,ceso,high N,4,2,3.9,2,N,NA,
9-Jan,11,ceso,high N,2,2,2,2,N,NA,
9-Jan,12,ceso,low N,2,2,2.5,1,N,NA,
9-Jan,13,ceso,low N,2,2,1.1,0,N,NA,
9-Jan,14,ceso,high N,3,2,3.1,2,N,NA,
9-Jan,15,ceso,low N,4,2,2.2,1,N,NA,
9-Jan,16,ceso,low N,1,2,NA,NA,NA,NA,
9-Jan,17,heco,high N,3,2,1.2,2,N,NA,
9-Jan,18,heco,low N,2,2,1.1,2,N,NA,
9-Jan,19,heco,high N,2,2,1.8,2,N,NA,
9-Jan,20,ceso,high N,4,2,3.6,2,N,NA,
9-Jan,21,heco,high N,2,2,2.7,2,N,NA,
9-Jan,22,ceso,low N,2,2,1.8,1,N,NA,
9-Jan,23,ceso,low N,3,2,1.8,1,N,NA,
9-Jan,24,heco,low N,3,2,1.7,2,N,NA,
9-Jan,25,ceso,low N,4,2,2.1,1,N,NA,
9-Jan,26,heco,high N,2,2,1.8,2,N,NA,
9-Jan,27,heco,high N,3,2,2.4,2,N,NA,
9-Jan,28,heco,low N,1,2,NA,NA,NA,NA,
9-Jan,29,heco,high N,2,2,2.6,4,N,NA,
9-Jan,30,heco,high N,3,2,3.2,4,N,NA,
9-Jan,31,heco,low N,1,2,NA,NA,NA,NA,
9-Jan,32,ceso,low N,3,2,2.4,1,N,NA,
9-Jan,33,heco,high N,4,2,2.3,2,N,NA,
9-Jan,34,heco,high N,1,2,NA,NA,NA,NA,
9-Jan,35,ceso,low N,3,2,2.1,1,N,NA,
9-Jan,36,heco,high N,4,2,2.7,2,N,NA,
9-Jan,37,heco,high N,2,2,2.2,2,N,NA,
9-Jan,38,ceso,high N,2,2,3.4,1,N,NA,
9-Jan,39,heco,low N,3,2,1.8,2,N,NA,
9-Jan,40,ceso,low N,3,2,1.9,1,N,NA,
9-Jan,41,heco,high N,2,2,2.4,2,N,NA,
9-Jan,42,ceso,low N,1,2,NA,NA,NA,NA,
9-Jan,43,ceso,high N,4,2,3.6,2,N,NA,
9-Jan,44,heco,low N,3,2,3.9,2,N,NA,
9-Jan,45,heco,high N,1,2,NA,NA,NA,NA,
9-Jan,46,heco,low N,4,2,1.5,2,N,NA,
9-Jan,47,ceso,high N,1,2,NA,NA,NA,NA,
9-Jan,48,ceso,high N,2,2,4.9,2,N,NA,
9-Jan,49,heco,low N,3,2,3.8,2,N,NA,
9-Jan,50,ceso,high N,2,2,4.9,2,N,NA,
9-Jan,51,heco,high N,3,2,3.1,2,N,NA,
9-Jan,52,heco,low N,3,2,2.1,2,N,NA,
9-Jan,53,heco,high N,4,2,3.8,2,N,NA,
9-Jan,54,ceso,high N,3,2,3.7,2,N,NA,
9-Jan,55,heco,high N,4,2,4.2,2,N,NA,
9-Jan,56,heco,low N,4,2,1.9,2,N,NA,
9-Jan,57,heco,high N,1,2,NA,NA,NA,NA,
9-Jan,58,ceso,high N,2,2,3.4,2,N,NA,
9-Jan,59,ceso,low N,2,2,2.2,2,N,NA,
9-Jan,60,heco,high N,3,2,2.6,2,N,NA,
9-Jan,61,heco,high N,1,2,NA,NA,NA,NA,
9-Jan,62,ceso,low N,2,2,1.9,2,N,NA,
9-Jan,63,heco,high N,3,2,2.9,2,N,NA,
9-Jan,64,heco,high N,2,2,2.4,2,N,NA,
9-Jan,65,heco,low N,3,2,2.4,2,N,NA,
9-Jan,66,ceso,high N,1,2,NA,NA,NA,NA,
9-Jan,67,ceso,high N,4,2,4.9,2,N,NA,
9-Jan,68,ceso,low N,4,2,2.8,2,N,NA,
9-Jan,69,heco,low N,4,2,1.8,2,N,NA,
9-Jan,70,heco,low N,4,2,1.9,2,N,NA,
9-Jan,71,ceso,low N,3,2,2.9,1,N,NA,
9-Jan,72,ceso,low N,2,2,2.1,1,N,NA,
9-Jan,73,heco,low N,2,2,2.6,2,N,NA,
9-Jan,74,ceso,high N,1,2,NA,NA,NA,NA,
9-Jan,75,ceso,low N,4,2,2.9,2,N,NA,
9-Jan,76,ceso,low N,1,2,NA,NA,NA,NA,
9-Jan,77,ceso,high N,1,2,NA,NA,NA,NA,
9-Jan,78,ceso,high N,3,2,4.1,2,N,NA,
9-Jan,79,heco,low N,2,2,2.4,2,N,NA,
9-Jan,80,ceso,low N,4,2,2.6,1,N,NA,
9-Jan,81,heco,low N,2,2,2.6,2,N,NA,
9-Jan,82,ceso,high N,1,2,NA,NA,NA,NA,
9-Jan,83,heco,low N,1,2,NA,NA,NA,NA,
9-Jan,84,ceso,low N,3,2,3,2,N,NA,
9-Jan,85,ceso,low N,4,2,2.9,2,N,NA,
9-Jan,86,heco,low N,3,2,2.9,2,N,NA,
9-Jan,87,heco,high N,1,2,NA,NA,NA,NA,
9-Jan,88,ceso,high N,2,2,2.8,1,N,NA,
9-Jan,89,heco,low N,1,2,NA,NA,NA,NA,
9-Jan,90,heco,high N,2,2,3.5,4,N,NA,
9-Jan,91,ceso,high N,4,2,4.1,2,N,NA,
9-Jan,92,heco,low N,2,2,3.4,2,N,NA,
9-Jan,93,ceso,high N,2,2,2,2,N,NA,
9-Jan,94,heco,high N,3,2,3.1,2,N,NA,
9-Jan,95,ceso,high N,4,2,1.9,1,N,NA,
9-Jan,96,ceso,high N,1,2,NA,NA,NA,NA,
9-Jan,97,heco,low N,1,2,NA,NA,NA,NA,
9-Jan,98,heco,low N,4,2,2.2,2,N,NA,
9-Jan,99,ceso,low N,2,2,2.7,1,N,NA,
9-Jan,100,ceso,high N,1,2,NA,NA,NA,NA,
9-Jan,101,ceso,high N,2,2,3.1,2,N,NA,
9-Jan,102,heco,low N,2,2,1.9,2,N,NA,
9-Jan,103,ceso,high N,3,2,2.1,1,N,NA,
9-Jan,104,heco,low N,2,2,3.1,2,N,NA,
9-Jan,105,heco,high N,2,2,3.9,4,N,NA,
9-Jan,106,ceso,high N,3,2,3.1,2,N,NA,
9-Jan,107,ceso,low N,3,2,2.4,1,N,NA,
9-Jan,108,ceso,low N,1,2,NA,NA,NA,NA,
9-Jan,109,heco,low N,1,2,NA,NA,NA,NA,
9-Jan,110,heco,low N,2,2,2.2,2,N,NA,
9-Jan,111,ceso,high N,4,2,3.9,1,N,NA,
9-Jan,112,heco,low N,1,2,NA,NA,NA,NA,
9-Jan,113,ceso,low N,4,2,2.2,1,N,NA,
9-Jan,114,heco,high N,3,2,3.2,2,N,NA,
9-Jan,115,heco,high N,1,2,NA,NA,NA,NA,
9-Jan,116,ceso,low N,1,2,NA,NA,NA,NA,
9-Jan,117,ceso,low N,4,2,2.3,1,N,NA,
9-Jan,118,ceso,low N,1,2,NA,NA,NA,NA,
9-Jan,119,ceso,high N,4,2,4.5,2,N,NA,
9-Jan,120,ceso,low N,4,2,4.1,2,N,NA,
9-Jan,121,heco,high N,4,2,3.9,2,N,NA,
9-Jan,122,ceso,high N,2,2,4.9,2,N,NA,
9-Jan,123,ceso,high N,1,2,NA,NA,NA,NA,
9-Jan,124,heco,high N,4,2,4.7,4,N,NA,
9-Jan,125,heco,high N,1,2,NA,NA,NA,NA,
9-Jan,126,heco,high N,4,2,4.3,4,N,NA,
9-Jan,127,heco,high N,4,2,3.5,2,N,NA,
9-Jan,128,heco,low N,1,2,NA,NA,NA,NA,
9-Jan,129,heco,low N,4,2,4,2,N,NA,
9-Jan,130,heco,high N,1,2,NA,NA,NA,NA,
9-Jan,131,ceso,high N,3,2,3.7,2,N,NA,
9-Jan,132,heco,low N,4,2,2.2,2,N,NA,
9-Jan,133,heco,high N,2,2,2.4,2,N,NA,
9-Jan,134,heco,high N,1,2,NA,NA,NA,NA,
9-Jan,135,heco,low N,2,2,2,2,N,NA,
9-Jan,136,ceso,low N,1,2,NA,NA,NA,NA,
9-Jan,137,ceso,low N,1,2,NA,NA,NA,NA,
9-Jan,138,ceso,low N,2,2,3.3,1,N,NA,
9-Jan,139,heco,low N,3,2,3.6,2,N,NA,
9-Jan,140,heco,low N,4,2,2.9,2,N,NA,
9-Jan,141,ceso,low N,1,2,NA,NA,NA,NA,
9-Jan,142,ceso,high N,2,2,4.9,2,N,NA,
9-Jan,143,heco,high N,4,2,4.2,4,N,NA,
9-Jan,144,heco,low N,2,2,3.2,2,N,NA,
9-Jan,145,ceso,high N,4,2,3.4,2,N,NA,
9-Jan,146,ceso,low N,1,2,NA,NA,NA,NA,
9-Jan,147,ceso,low N,3,2,3.1,1,N,NA,
9-Jan,148,ceso,high N,3,2,3.8,2,N,NA,
9-Jan,149,ceso,high N,1,2,NA,NA,NA,NA,
9-Jan,150,heco,low N,4,2,2.8,2,N,NA,
9-Jan,151,ceso,low N,2,2,2.4,1,N,NA,
9-Jan,152,ceso,high N,3,2,4.2,2,N,NA,
9-Jan,153,ceso,high N,1,2,NA,NA,NA,NA,
9-Jan,154,ceso,low N,2,2,2.7,2,N,NA,
9-Jan,155,ceso,low N,4,2,3.3,2,N,NA,
9-Jan,156,ceso,low N,3,2,2.5,1,N,NA,
9-Jan,157,ceso,high N,4,2,5.6,2,N,NA,
9-Jan,158,ceso,low N,3,2,3.2,1,N,NA,
9-Jan,159,ceso,high N,3,2,4.7,2,N,NA,
9-Jan,160,heco,low N,1,2,NA,NA,NA,NA,
16-Jan,1,heco,low N,4,3,3.6,2,N,NA,
16-Jan,2,heco,high N,4,3,5.7,4,N,NA,
16-Jan,3,heco,high N,3,3,4.1,4,N,NA,
16-Jan,4,heco,low N,1,3,NA,NA,NA,NA,
16-Jan,5,heco,low N,3,3,3.9,4,N,NA,
16-Jan,6,heco,high N,1,3,NA,NA,NA,NA,
16-Jan,7,heco,high N,3,3,3.1,4,N,NA,
16-Jan,8,heco,low N,3,3,3.9,4,N,NA,
16-Jan,9,ceso,high N,3,3,5.9,3,N,NA,
16-Jan,10,ceso,high N,4,3,4.8,3,N,NA,
16-Jan,11,ceso,high N,2,3,4.3,4,N,NA,
16-Jan,12,ceso,low N,2,3,5.1,1,N,NA,
16-Jan,13,ceso,low N,2,3,1.6,2,N,NA,
16-Jan,14,ceso,high N,3,3,4.2,3,N,NA,
16-Jan,15,ceso,low N,4,3,3.9,2,N,NA,
16-Jan,16,ceso,low N,1,3,NA,NA,NA,NA,
16-Jan,17,heco,high N,3,3,1.9,4,N,NA,
16-Jan,18,heco,low N,2,3,2.2,2,N,NA,
16-Jan,19,heco,high N,2,3,2.9,4,N,NA,
16-Jan,20,ceso,high N,4,3,4.5,3,N,NA,
16-Jan,21,heco,high N,2,3,4.9,4,N,NA,
16-Jan,22,ceso,low N,2,3,3.3,2,N,NA,
16-Jan,23,ceso,low N,3,3,2.8,2,N,NA,
16-Jan,24,heco,low N,3,3,3.3,4,N,NA,
16-Jan,25,ceso,low N,4,3,3.7,2,N,NA,
16-Jan,26,heco,high N,2,3,2.6,4,N,NA,
16-Jan,27,heco,high N,3,3,3.4,4,N,NA,
16-Jan,28,heco,low N,1,3,NA,NA,NA,NA,
16-Jan,29,heco,high N,2,3,3.2,6,N,NA,
16-Jan,30,heco,high N,3,3,3.6,4,N,NA,
16-Jan,31,heco,low N,1,3,NA,NA,NA,NA,
16-Jan,32,ceso,low N,3,3,2.7,2,N,NA,
16-Jan,33,heco,high N,4,3,2.6,4,N,NA,
16-Jan,34,heco,high N,1,3,NA,NA,NA,NA,
16-Jan,35,ceso,low N,3,3,3.6,2,N,NA,
16-Jan,36,heco,high N,4,3,4.1,4,N,NA,
16-Jan,37,heco,high N,2,3,2.9,4,N,NA,
16-Jan,38,ceso,high N,2,3,4.8,3,N,NA,
16-Jan,39,heco,low N,3,3,2.7,4,N,NA,
16-Jan,40,ceso,low N,3,3,2.6,2,N,NA,
16-Jan,41,heco,high N,2,3,4.2,4,N,NA,
16-Jan,42,ceso,low N,1,3,NA,NA,NA,NA,
16-Jan,43,ceso,high N,4,3,4.4,3,N,NA,
16-Jan,44,heco,low N,3,3,4.8,4,N,NA,
16-Jan,45,heco,high N,1,3,NA,NA,NA,NA,
16-Jan,46,heco,low N,4,3,2.2,2,N,NA,
16-Jan,47,ceso,high N,1,3,NA,NA,NA,NA,
16-Jan,48,ceso,high N,2,3,7.4,3,N,NA,
16-Jan,49,heco,low N,3,3,5.2,4,N,NA,
16-Jan,50,ceso,high N,2,3,5.4,3,N,NA,
16-Jan,51,heco,high N,3,3,4.6,4,N,NA,
16-Jan,52,heco,low N,3,3,2.7,4,N,NA,
16-Jan,53,heco,high N,4,3,4.1,4,N,NA,
16-Jan,54,ceso,high N,3,3,4.6,4,N,NA,
16-Jan,55,heco,high N,4,3,4.8,4,N,NA,
16-Jan,56,heco,low N,4,3,1.9,2,N,NA,
16-Jan,57,heco,high N,1,3,NA,NA,NA,NA,
16-Jan,58,ceso,high N,2,3,6.1,3,N,NA,
16-Jan,59,ceso,low N,2,3,3.6,2,N,NA,
16-Jan,60,heco,high N,3,3,3,4,N,NA,
16-Jan,61,heco,high N,1,3,NA,NA,NA,NA,
16-Jan,62,ceso,low N,2,3,2.2,2,N,NA,
16-Jan,63,heco,high N,3,3,3.7,4,N,NA,
16-Jan,64,heco,high N,2,3,3.3,4,N,NA,
16-Jan,65,heco,low N,3,3,3.8,4,N,NA,
16-Jan,66,ceso,high N,1,3,NA,NA,NA,NA,
16-Jan,67,ceso,high N,4,3,3.9,3,N,NA,bent
16-Jan,68,ceso,low N,4,3,3.6,2,N,NA,
16-Jan,69,heco,low N,4,3,2.9,4,N,NA,
16-Jan,70,heco,low N,4,3,2.3,2,N,NA,
16-Jan,71,ceso,low N,3,3,3.9,2,N,NA,
16-Jan,72,ceso,low N,2,3,2.8,2,N,NA,
16-Jan,73,heco,low N,2,3,3.8,4,N,NA,
16-Jan,74,ceso,high N,1,3,NA,NA,NA,NA,
16-Jan,75,ceso,low N,4,3,2.6,3,N,NA,
16-Jan,76,ceso,low N,1,3,NA,NA,NA,NA,
16-Jan,77,ceso,high N,1,3,NA,NA,NA,NA,
16-Jan,78,ceso,high N,3,3,3.9,3,N,NA,
16-Jan,79,heco,low N,2,3,3.4,4,N,NA,
16-Jan,80,ceso,low N,4,3,3.8,2,N,NA,
16-Jan,81,heco,low N,2,3,2.8,4,N,NA,
16-Jan,82,ceso,high N,1,3,NA,NA,NA,NA,
16-Jan,83,heco,low N,1,3,NA,NA,NA,NA,
16-Jan,84,ceso,low N,3,3,3.4,3,N,NA,
16-Jan,85,ceso,low N,4,3,3.6,3,N,NA,
16-Jan,86,heco,low N,3,3,2.6,4,N,NA,
16-Jan,87,heco,high N,1,3,NA,NA,NA,NA,
16-Jan,88,ceso,high N,2,3,5.6,3,N,NA,
16-Jan,89,heco,low N,1,3,NA,NA,NA,NA,
16-Jan,90,heco,high N,2,3,4.5,6,N,NA,
16-Jan,91,ceso,high N,4,3,5,4,N,NA,
16-Jan,92,heco,low N,2,3,3.9,4,N,NA,
16-Jan,93,ceso,high N,2,3,3.4,3,N,NA,
16-Jan,94,heco,high N,3,3,2.9,4,N,NA,
16-Jan,95,ceso,high N,4,3,3.7,3,N,NA,
16-Jan,96,ceso,high N,1,3,NA,NA,NA,NA,
16-Jan,97,heco,low N,1,3,NA,NA,NA,NA,
16-Jan,98,heco,low N,4,3,2.2,4,N,NA,
16-Jan,99,ceso,low N,2,3,2.8,2,N,NA,
16-Jan,100,ceso,high N,1,3,NA,NA,NA,NA,
16-Jan,101,ceso,high N,2,3,4.2,3,N,NA,
16-Jan,102,heco,low N,2,3,2.7,4,N,NA,
16-Jan,103,ceso,high N,3,3,4.1,2,N,NA,
16-Jan,104,heco,low N,2,3,3.8,4,N,NA,
16-Jan,105,heco,high N,2,3,4.3,6,N,NA,
16-Jan,106,ceso,high N,3,3,3.9,3,N,NA,
16-Jan,107,ceso,low N,3,3,3.5,2,N,NA,
16-Jan,108,ceso,low N,1,3,NA,NA,NA,NA,
16-Jan,109,heco,low N,1,3,NA,NA,NA,NA,
16-Jan,110,heco,low N,2,3,2.7,4,N,NA,
16-Jan,111,ceso,high N,4,3,5.7,3,N,NA,
16-Jan,112,heco,low N,1,3,NA,NA,NA,NA,
16-Jan,113,ceso,low N,4,3,3.8,2,N,NA,
16-Jan,114,heco,high N,3,3,2.6,4,N,NA,
16-Jan,115,heco,high N,1,3,NA,NA,NA,NA,
16-Jan,116,ceso,low N,1,3,NA,NA,NA,NA,
16-Jan,117,ceso,low N,4,3,2.8,2,N,NA,
16-Jan,118,ceso,low N,1,3,NA,NA,NA,NA,
16-Jan,119,ceso,high N,4,3,5.3,3,N,NA,bent
16-Jan,120,ceso,low N,4,3,6.9,3,N,NA,
16-Jan,121,heco,high N,4,3,4.4,4,N,NA,
16-Jan,122,ceso,high N,2,3,6.4,3,N,NA,bent
16-Jan,123,ceso,high N,1,3,NA,NA,NA,NA,
16-Jan,124,heco,high N,4,3,4.3,6,N,NA,
16-Jan,125,heco,high N,1,3,NA,NA,NA,NA,
16-Jan,126,heco,high N,4,3,3.2,4,N,NA,
16-Jan,127,heco,high N,4,3,4.2,4,N,NA,
16-Jan,128,heco,low N,1,3,NA,NA,NA,NA,
16-Jan,129,heco,low N,4,3,4.9,4,N,NA,
16-Jan,130,heco,high N,1,3,NA,NA,NA,NA,
16-Jan,131,ceso,high N,3,3,5.7,3,N,NA,
16-Jan,132,heco,low N,4,3,2,4,N,NA,
16-Jan,133,heco,high N,2,3,2.5,4,N,NA,
16-Jan,134,heco,high N,1,3,NA,NA,NA,NA,
16-Jan,135,heco,low N,2,3,2.9,4,N,NA,
16-Jan,136,ceso,low N,1,3,NA,NA,NA,NA,
16-Jan,137,ceso,low N,1,3,NA,NA,NA,NA,
16-Jan,138,ceso,low N,2,3,5.5,3,N,NA,
16-Jan,139,heco,low N,3,3,3.6,4,N,NA,
16-Jan,140,heco,low N,4,3,2.6,4,N,NA,
16-Jan,141,ceso,low N,1,3,NA,NA,NA,NA,
16-Jan,142,ceso,high N,2,3,5.2,3,N,NA,
16-Jan,143,heco,high N,4,3,4.4,6,N,NA,
16-Jan,144,heco,low N,2,3,2.6,4,N,NA,
16-Jan,145,ceso,high N,4,3,5.7,3,N,NA,
16-Jan,146,ceso,low N,1,3,NA,NA,NA,NA,
16-Jan,147,ceso,low N,3,3,3.6,2,N,NA,
16-Jan,148,ceso,high N,3,3,3.9,4,N,NA,
16-Jan,149,ceso,high N,1,3,NA,NA,NA,NA,
16-Jan,150,heco,low N,4,3,3.4,4,N,NA,
16-Jan,151,ceso,low N,2,3,2.8,2,N,NA,
16-Jan,152,ceso,high N,3,3,5.7,3,N,NA,
16-Jan,153,ceso,high N,1,3,NA,NA,NA,NA,
16-Jan,154,ceso,low N,2,3,3.4,3,N,NA,
16-Jan,155,ceso,low N,4,3,4.4,2,N,NA,
16-Jan,156,ceso,low N,3,3,2.9,2,N,NA,
16-Jan,157,ceso,high N,4,3,4.6,3,N,NA,
16-Jan,158,ceso,low N,3,3,4.3,2,N,NA,
16-Jan,159,ceso,high N,3,3,6.6,3,N,NA,
16-Jan,160,heco,low N,1,3,NA,NA,NA,NA,
23-Jan,1,heco,low N,4,4,3.5,4,N,NA,first week of full sunlight after periods of cloudY daYs/storms
23-Jan,2,heco,high N,4,4,5.2,6,N,NA,
23-Jan,3,heco,high N,3,4,4.4,4,N,NA,
23-Jan,4,heco,low N,1,4,NA,NA,NA,NA,
23-Jan,5,heco,low N,3,4,5.1,6,N,NA,
23-Jan,6,heco,high N,1,4,NA,NA,NA,NA,
23-Jan,7,heco,high N,3,4,4.7,6,N,NA,
23-Jan,8,heco,low N,3,4,6.4,6,N,NA,
23-Jan,9,ceso,high N,3,4,6.4,4,N,NA,bent
23-Jan,10,ceso,high N,4,4,4.4,5,N,NA,
23-Jan,11,ceso,high N,2,4,NA,NA,NA,NA,
23-Jan,12,ceso,low N,2,4,NA,NA,NA,NA,
23-Jan,13,ceso,low N,2,4,NA,NA,NA,NA,
23-Jan,14,ceso,high N,3,4,3.3,6,N,NA,
23-Jan,15,ceso,low N,4,4,3.3,4,N,NA,
23-Jan,16,ceso,low N,1,4,NA,NA,NA,NA,
23-Jan,17,heco,high N,3,4,2.7,6,N,NA,
23-Jan,18,heco,low N,2,4,NA,NA,NA,NA,
23-Jan,19,heco,high N,2,4,NA,NA,NA,NA,
23-Jan,20,ceso,high N,4,4,5.9,5,N,NA,
23-Jan,21,heco,high N,2,4,NA,NA,NA,NA,
23-Jan,22,ceso,low N,2,4,NA,NA,NA,NA,
23-Jan,23,ceso,low N,3,4,2.9,3,N,NA,
23-Jan,24,heco,low N,3,4,4.6,6,N,NA,
23-Jan,25,ceso,low N,4,4,5.1,4,N,NA,
23-Jan,26,heco,high N,2,4,5.1,6,N,NA,
23-Jan,27,heco,high N,3,4,NA,NA,NA,NA,
23-Jan,28,heco,low N,1,4,NA,NA,NA,NA,
23-Jan,29,heco,high N,2,4,NA,NA,NA,NA,
23-Jan,30,heco,high N,3,4,5.9,8,N,NA,
23-Jan,31,heco,low N,1,4,NA,NA,NA,NA,
23-Jan,32,ceso,low N,3,4,2.6,4,N,NA,
23-Jan,33,heco,high N,4,4,3.6,6,N,NA,
23-Jan,34,heco,high N,1,4,NA,NA,NA,NA,
23-Jan,35,ceso,low N,3,4,4.1,4,N,NA,
23-Jan,36,heco,high N,4,4,4.8,6,N,NA,
23-Jan,37,heco,high N,2,4,NA,NA,NA,NA,
23-Jan,38,ceso,high N,2,4,NA,NA,NA,NA,
23-Jan,39,heco,low N,3,4,4.9,6,N,NA,
23-Jan,40,ceso,low N,3,4,4.3,4,N,NA,
23-Jan,41,heco,high N,2,4,NA,NA,NA,NA,
23-Jan,42,ceso,low N,1,4,NA,NA,NA,NA,
23-Jan,43,ceso,high N,4,4,6.7,5,N,NA,
23-Jan,44,heco,low N,3,4,4.4,6,N,NA,
23-Jan,45,heco,high N,1,4,NA,NA,NA,NA,
23-Jan,46,heco,low N,4,4,3.1,4,N,NA,
23-Jan,47,ceso,high N,1,4,NA,NA,NA,NA,
23-Jan,48,ceso,high N,2,4,NA,NA,NA,NA,
23-Jan,49,heco,low N,3,4,6.8,6,N,NA,
23-Jan,50,ceso,high N,2,4,NA,NA,NA,NA,
23-Jan,51,heco,high N,3,4,5.3,6,N,NA,
23-Jan,52,heco,low N,3,4,4.1,4,N,NA,
23-Jan,53,heco,high N,4,4,6.2,6,N,NA,bent
23-Jan,54,ceso,high N,3,4,5.9,5,N,NA,
23-Jan,55,heco,high N,4,4,5.3,6,N,NA,
23-Jan,56,heco,low N,4,4,2.3,4,N,NA,
23-Jan,57,heco,high N,1,4,NA,NA,NA,NA,
23-Jan,58,ceso,high N,2,4,NA,NA,NA,NA,
23-Jan,59,ceso,low N,2,4,NA,NA,NA,NA,
23-Jan,60,heco,high N,3,4,6.2,6,N,NA,
23-Jan,61,heco,high N,1,4,NA,NA,NA,NA,
23-Jan,62,ceso,low N,2,4,NA,NA,NA,NA,
23-Jan,63,heco,high N,3,4,4.5,6,N,NA,
23-Jan,64,heco,high N,2,4,NA,NA,NA,NA,
23-Jan,65,heco,low N,3,4,7.6,4,N,NA,
23-Jan,66,ceso,high N,1,4,NA,NA,NA,NA,
23-Jan,67,ceso,high N,4,4,7.2,6,N,NA,bent
23-Jan,68,ceso,low N,4,4,4.3,4,N,NA,
23-Jan,69,heco,low N,4,4,4.2,4,N,NA,
23-Jan,70,heco,low N,4,4,4.2,4,N,NA,
23-Jan,71,ceso,low N,3,4,5.1,4,N,NA,
23-Jan,72,ceso,low N,2,4,NA,NA,NA,NA,
23-Jan,73,heco,low N,2,4,NA,NA,NA,NA,
23-Jan,74,ceso,high N,1,4,NA,NA,NA,NA,
23-Jan,75,ceso,low N,4,4,5.1,5,N,NA,
23-Jan,76,ceso,low N,1,4,NA,NA,NA,NA,
23-Jan,77,ceso,high N,1,4,NA,NA,NA,NA,
23-Jan,78,ceso,high N,3,4,6.1,5,N,NA,
23-Jan,79,heco,low N,2,4,NA,NA,NA,NA,
23-Jan,80,ceso,low N,4,4,6.6,3,N,NA,
23-Jan,81,heco,low N,2,4,NA,NA,NA,NA,
23-Jan,82,ceso,high N,1,4,NA,NA,NA,NA,
23-Jan,83,heco,low N,1,4,NA,NA,NA,NA,
23-Jan,84,ceso,low N,3,4,5.7,4,N,NA,
23-Jan,85,ceso,low N,4,4,6.7,4,N,NA,
23-Jan,86,heco,low N,3,4,3.4,4,N,NA,
23-Jan,87,heco,high N,1,4,NA,NA,NA,NA,
23-Jan,88,ceso,high N,2,4,NA,NA,NA,NA,
23-Jan,89,heco,low N,1,4,NA,NA,NA,NA,
23-Jan,90,heco,high N,2,4,NA,NA,NA,NA,
23-Jan,91,ceso,high N,4,4,7.8,5,N,NA,bent
23-Jan,92,heco,low N,2,4,NA,NA,NA,NA,
23-Jan,93,ceso,high N,2,4,NA,NA,NA,NA,
23-Jan,94,heco,high N,3,4,3.6,6,N,NA,
23-Jan,95,ceso,high N,4,4,5.9,4,N,NA,
23-Jan,96,ceso,high N,1,4,NA,NA,NA,NA,
23-Jan,97,heco,low N,1,4,NA,NA,NA,NA,
23-Jan,98,heco,low N,4,4,4.6,4,N,NA,
23-Jan,99,ceso,low N,2,4,NA,NA,NA,NA,
23-Jan,100,ceso,high N,1,4,NA,NA,NA,NA,
23-Jan,101,ceso,high N,2,4,NA,NA,NA,NA,
23-Jan,102,heco,low N,2,4,NA,NA,NA,NA,
23-Jan,103,ceso,high N,3,4,6.9,4,N,NA,
23-Jan,104,heco,low N,2,4,NA,NA,NA,NA,
23-Jan,105,heco,high N,2,4,NA,NA,NA,NA,
23-Jan,106,ceso,high N,3,4,5.4,8,N,NA,
23-Jan,107,ceso,low N,3,4,4.3,4,N,NA,
23-Jan,108,ceso,low N,1,4,NA,NA,NA,NA,
23-Jan,109,heco,low N,1,4,NA,NA,NA,NA,
23-Jan,110,heco,low N,2,4,NA,NA,NA,NA,
23-Jan,111,ceso,high N,4,4,8.4,5,N,NA,
23-Jan,112,heco,low N,1,4,NA,NA,NA,NA,
23-Jan,113,ceso,low N,4,4,5.3,4,N,NA,
23-Jan,114,heco,high N,3,4,4.6,6,N,NA,
23-Jan,115,heco,high N,1,4,NA,NA,NA,NA,
23-Jan,116,ceso,low N,1,4,NA,NA,NA,NA,
23-Jan,117,ceso,low N,4,4,3,4,N,NA,
23-Jan,118,ceso,low N,1,4,NA,NA,NA,NA,
23-Jan,119,ceso,high N,4,4,9.1,6,N,NA,
23-Jan,120,ceso,low N,4,4,8.9,5,N,NA,
23-Jan,121,heco,high N,4,4,8.8,6,N,NA,
23-Jan,122,ceso,high N,2,4,NA,NA,NA,NA,
23-Jan,123,ceso,high N,1,4,NA,NA,NA,NA,
23-Jan,124,heco,high N,4,4,6.3,6,N,NA,
23-Jan,125,heco,high N,1,4,NA,NA,NA,NA,
23-Jan,126,heco,high N,4,4,6.9,6,N,NA,
23-Jan,127,heco,high N,4,4,5.9,6,N,NA,
23-Jan,128,heco,low N,1,4,NA,NA,NA,NA,
23-Jan,129,heco,low N,4,4,7.3,6,N,NA,
23-Jan,130,heco,high N,1,4,NA,NA,NA,NA,
23-Jan,131,ceso,high N,3,4,7.2,7,N,NA,
23-Jan,132,heco,low N,4,4,3.6,4,N,NA,
23-Jan,133,heco,high N,2,4,NA,NA,NA,NA,
23-Jan,134,heco,high N,1,4,NA,NA,NA,NA,
23-Jan,135,heco,low N,2,4,NA,NA,NA,NA,
23-Jan,136,ceso,low N,1,4,NA,NA,NA,NA,
23-Jan,137,ceso,low N,1,4,NA,NA,NA,NA,
23-Jan,138,ceso,low N,2,4,NA,NA,NA,NA,
23-Jan,139,heco,low N,3,4,6.2,6,N,NA,
23-Jan,140,heco,low N,4,4,4.8,6,N,NA,
23-Jan,141,ceso,low N,1,4,NA,NA,NA,NA,
23-Jan,142,ceso,high N,2,4,NA,NA,NA,NA,
23-Jan,143,heco,high N,4,4,10.4,8,N,NA,
23-Jan,144,heco,low N,2,4,NA,NA,NA,NA,
23-Jan,145,ceso,high N,4,4,5.8,5,N,NA,
23-Jan,146,ceso,low N,1,4,NA,NA,NA,NA,
23-Jan,147,ceso,low N,3,4,5.9,4,N,NA,
23-Jan,148,ceso,high N,3,4,9.3,6,N,NA,
23-Jan,149,ceso,high N,1,4,NA,NA,NA,NA,
23-Jan,150,heco,low N,4,4,3.6,6,N,NA,
23-Jan,151,ceso,low N,2,4,NA,NA,NA,NA,
23-Jan,152,ceso,high N,3,4,7.3,6,N,NA,
23-Jan,153,ceso,high N,1,4,NA,NA,NA,NA,
23-Jan,154,ceso,low N,2,4,NA,NA,NA,NA,
23-Jan,155,ceso,low N,4,4,5.9,4,N,NA,
23-Jan,156,ceso,low N,3,4,4.4,4,N,NA,
23-Jan,157,ceso,high N,4,4,7.2,5,N,NA,
23-Jan,158,ceso,low N,3,4,5.9,4,N,NA,bent
23-Jan,159,ceso,high N,3,4,8,6,N,NA,bent
23-Jan,160,heco,low N,1,4,NA,NA,NA,NA,
30-Jan,1,heco,low N,4,5,5.3,6,N,NA,
30-Jan,2,heco,high N,4,5,5.6,8,N,NA,
30-Jan,3,heco,high N,3,5,4.9,6,N,NA,
30-Jan,4,heco,low N,1,5,NA,NA,NA,NA,
30-Jan,5,heco,low N,3,5,7.9,6,N,NA,
30-Jan,6,heco,high N,1,5,NA,NA,NA,NA,
30-Jan,7,heco,high N,3,5,6.4,8,N,NA,
30-Jan,8,heco,low N,3,5,6.8,6,N,NA,
30-Jan,9,ceso,high N,3,5,7.7,7,N,NA,
30-Jan,10,ceso,high N,4,5,6.2,6,N,NA,
30-Jan,11,ceso,high N,2,5,NA,NA,NA,NA,
30-Jan,12,ceso,low N,2,5,NA,NA,NA,NA,
30-Jan,13,ceso,low N,2,5,NA,NA,NA,NA,
30-Jan,14,ceso,high N,3,5,5.4,7,N,NA,
30-Jan,15,ceso,low N,4,5,6.7,6,N,NA,
30-Jan,16,ceso,low N,1,5,NA,NA,NA,NA,
30-Jan,17,heco,high N,3,5,3.4,8,N,NA,
30-Jan,18,heco,low N,2,5,NA,NA,NA,NA,
30-Jan,19,heco,high N,2,5,NA,NA,NA,NA,
30-Jan,20,ceso,high N,4,5,7.3,8,N,NA,
30-Jan,21,heco,high N,2,5,NA,NA,NA,NA,
30-Jan,22,ceso,low N,2,5,NA,NA,NA,NA,
30-Jan,23,ceso,low N,3,5,5.1,5,N,NA,
30-Jan,24,heco,low N,3,5,7,6,N,NA,
30-Jan,25,ceso,low N,4,5,6.3,7,N,NA,
30-Jan,26,heco,high N,2,5,5.3,8,N,NA,
30-Jan,27,heco,high N,3,5,NA,NA,NA,NA,
30-Jan,28,heco,low N,1,5,NA,NA,NA,NA,
30-Jan,29,heco,high N,2,5,NA,NA,NA,NA,
30-Jan,30,heco,high N,3,5,4.9,10,N,NA,
30-Jan,31,heco,low N,1,5,NA,NA,NA,NA,
30-Jan,32,ceso,low N,3,5,4.7,6,N,NA,
30-Jan,33,heco,high N,4,5,5.2,8,N,NA,
30-Jan,34,heco,high N,1,5,NA,NA,NA,NA,
30-Jan,35,ceso,low N,3,5,6,6,N,NA,
30-Jan,36,heco,high N,4,5,6.2,10,N,NA,
30-Jan,37,heco,high N,2,5,NA,NA,NA,NA,
30-Jan,38,ceso,high N,2,5,NA,NA,NA,NA,
30-Jan,39,heco,low N,3,5,9,8,N,NA,
30-Jan,40,ceso,low N,3,5,7.2,6,N,NA,
30-Jan,41,heco,high N,2,5,NA,NA,NA,NA,
30-Jan,42,ceso,low N,1,5,NA,NA,NA,NA,
30-Jan,43,ceso,high N,4,5,11.6,7,N,NA,
30-Jan,44,heco,low N,3,5,9.3,8,N,NA,
30-Jan,45,heco,high N,1,5,NA,NA,NA,NA,
30-Jan,46,heco,low N,4,5,3.4,6,N,NA,
30-Jan,47,ceso,high N,1,5,NA,NA,NA,NA,
30-Jan,48,ceso,high N,2,5,NA,NA,NA,NA,
30-Jan,49,heco,low N,3,5,7.7,8,N,NA,
30-Jan,50,ceso,high N,2,5,NA,NA,NA,NA,
30-Jan,51,heco,high N,3,5,6.9,8,N,NA,
30-Jan,52,heco,low N,3,5,4.3,6,N,NA,
30-Jan,53,heco,high N,4,5,10.6,10,N,NA,
30-Jan,54,ceso,high N,3,5,7.4,8,N,NA,
30-Jan,55,heco,high N,4,5,5.9,8,N,NA,
30-Jan,56,heco,low N,4,5,3.3,6,N,NA,
30-Jan,57,heco,high N,1,5,NA,NA,NA,NA,
30-Jan,58,ceso,high N,2,5,NA,NA,NA,NA,
30-Jan,59,ceso,low N,2,5,NA,NA,NA,NA,
30-Jan,60,heco,high N,3,5,9.6,8,N,NA,
30-Jan,61,heco,high N,1,5,NA,NA,NA,NA,
30-Jan,62,ceso,low N,2,5,NA,NA,NA,NA,
30-Jan,63,heco,high N,3,5,8.2,8,N,NA,
30-Jan,64,heco,high N,2,5,NA,NA,NA,NA,
30-Jan,65,heco,low N,3,5,8.5,6,N,NA,
30-Jan,66,ceso,high N,1,5,NA,NA,NA,NA,
30-Jan,67,ceso,high N,4,5,11,7,N,NA,
30-Jan,68,ceso,low N,4,5,6.3,6,N,NA,
30-Jan,69,heco,low N,4,5,5.1,6,N,NA,
30-Jan,70,heco,low N,4,5,4.6,6,N,NA,
30-Jan,71,ceso,low N,3,5,9.5,6,N,NA,
30-Jan,72,ceso,low N,2,5,NA,NA,NA,NA,
30-Jan,73,heco,low N,2,5,NA,NA,NA,NA,
30-Jan,74,ceso,high N,1,5,NA,NA,NA,NA,
30-Jan,75,ceso,low N,4,5,4.6,7,N,NA,
30-Jan,76,ceso,low N,1,5,NA,NA,NA,NA,
30-Jan,77,ceso,high N,1,5,NA,NA,NA,NA,
30-Jan,78,ceso,high N,3,5,12.9,8,N,NA,
30-Jan,79,heco,low N,2,5,NA,NA,NA,NA,
30-Jan,80,ceso,low N,4,5,8.2,5,N,NA,
30-Jan,81,heco,low N,2,5,NA,NA,NA,NA,
30-Jan,82,ceso,high N,1,5,NA,NA,NA,NA,
30-Jan,83,heco,low N,1,5,NA,NA,NA,NA,
30-Jan,84,ceso,low N,3,5,5.4,6,N,NA,
30-Jan,85,ceso,low N,4,5,7.6,6,N,NA,
30-Jan,86,heco,low N,3,5,4.9,6,N,NA,
30-Jan,87,heco,high N,1,5,NA,NA,NA,NA,
30-Jan,88,ceso,high N,2,5,NA,NA,NA,NA,
30-Jan,89,heco,low N,1,5,NA,NA,NA,NA,
30-Jan,90,heco,high N,2,5,NA,NA,NA,NA,
30-Jan,91,ceso,high N,4,5,10.1,8,N,NA,
30-Jan,92,heco,low N,2,5,NA,NA,NA,NA,
30-Jan,93,ceso,high N,2,5,NA,NA,NA,NA,
30-Jan,94,heco,high N,3,5,5.1,8,N,NA,
30-Jan,95,ceso,high N,4,5,10.4,6,N,NA,
30-Jan,96,ceso,high N,1,5,NA,NA,NA,NA,
30-Jan,97,heco,low N,1,5,NA,NA,NA,NA,
30-Jan,98,heco,low N,4,5,5.7,6,N,NA,
30-Jan,99,ceso,low N,2,5,NA,NA,NA,NA,
30-Jan,100,ceso,high N,1,5,NA,NA,NA,NA,
30-Jan,101,ceso,high N,2,5,NA,NA,NA,NA,
30-Jan,102,heco,low N,2,5,NA,NA,NA,NA,
30-Jan,103,ceso,high N,3,5,10.3,7,N,NA,
30-Jan,104,heco,low N,2,5,NA,NA,NA,NA,
30-Jan,105,heco,high N,2,5,NA,NA,NA,NA,
30-Jan,106,ceso,high N,3,5,12.3,8,N,NA,
30-Jan,107,ceso,low N,3,5,10.3,6,N,NA,
30-Jan,108,ceso,low N,1,5,NA,NA,NA,NA,
30-Jan,109,heco,low N,1,5,NA,NA,NA,NA,
30-Jan,110,heco,low N,2,5,NA,NA,NA,NA,
30-Jan,111,ceso,high N,4,5,12.7,7,N,NA,
30-Jan,112,heco,low N,1,5,NA,NA,NA,NA,
30-Jan,113,ceso,low N,4,5,7.2,6,N,NA,
30-Jan,114,heco,high N,3,5,5.8,8,N,NA,
30-Jan,115,heco,high N,1,5,NA,NA,NA,NA,
30-Jan,116,ceso,low N,1,5,NA,NA,NA,NA,
30-Jan,117,ceso,low N,4,5,3.6,6,N,NA,
30-Jan,118,ceso,low N,1,5,NA,NA,NA,NA,
30-Jan,119,ceso,high N,4,5,14.6,8,N,NA,
30-Jan,120,ceso,low N,4,5,9.3,7,N,NA,
30-Jan,121,heco,high N,4,5,7.7,10,N,NA,
30-Jan,122,ceso,high N,2,5,NA,NA,NA,NA,
30-Jan,123,ceso,high N,1,5,NA,NA,NA,NA,
30-Jan,124,heco,high N,4,5,9.1,16,N,NA,
30-Jan,125,heco,high N,1,5,NA,NA,NA,NA,
30-Jan,126,heco,high N,4,5,6.6,10,N,NA,
30-Jan,127,heco,high N,4,5,9.5,8,N,NA,
30-Jan,128,heco,low N,1,5,NA,NA,NA,NA,
30-Jan,129,heco,low N,4,5,10.8,6,N,NA,
30-Jan,130,heco,high N,1,5,NA,NA,NA,NA,
30-Jan,131,ceso,high N,3,5,10.7,9,N,NA,
30-Jan,132,heco,low N,4,5,4.7,6,N,NA,
30-Jan,133,heco,high N,2,5,NA,NA,NA,NA,
30-Jan,134,heco,high N,1,5,NA,NA,NA,NA,
30-Jan,135,heco,low N,2,5,NA,NA,NA,NA,
30-Jan,136,ceso,low N,1,5,NA,NA,NA,NA,
30-Jan,137,ceso,low N,1,5,NA,NA,NA,NA,
30-Jan,138,ceso,low N,2,5,NA,NA,NA,NA,
30-Jan,139,heco,low N,3,5,8.6,8,N,NA,
30-Jan,140,heco,low N,4,5,7.9,8,N,NA,
30-Jan,141,ceso,low N,1,5,NA,NA,NA,NA,
30-Jan,142,ceso,high N,2,5,NA,NA,NA,NA,
30-Jan,143,heco,high N,4,5,10.2,16,N,NA,
30-Jan,144,heco,low N,2,5,NA,NA,NA,NA,
30-Jan,145,ceso,high N,4,5,10.9,6,N,NA,
30-Jan,146,ceso,low N,1,5,NA,NA,NA,NA,
30-Jan,147,ceso,low N,3,5,10.3,6,N,NA,
30-Jan,148,ceso,high N,3,5,14.1,10,N,NA,
30-Jan,149,ceso,high N,1,5,NA,NA,NA,NA,
30-Jan,150,heco,low N,4,5,4.4,8,N,NA,
30-Jan,151,ceso,low N,2,5,NA,NA,NA,NA,
30-Jan,152,ceso,high N,3,5,13.8,9,N,NA,
30-Jan,153,ceso,high N,1,5,NA,NA,NA,NA,
30-Jan,154,ceso,low N,2,5,NA,NA,NA,NA,
30-Jan,155,ceso,low N,4,5,9.9,7,N,NA,bent
30-Jan,156,ceso,low N,3,5,7.2,5,N,NA,bent
30-Jan,157,ceso,high N,4,5,11.4,8,N,NA,
30-Jan,158,ceso,low N,3,5,11.8,7,N,NA,
30-Jan,159,ceso,high N,3,5,12.5,10,N,NA,
30-Jan,160,heco,low N,1,5,NA,NA,NA,NA,
6-Feb,1,heco,low N,4,6,5.5,8,N,NA,
6-Feb,2,heco,high N,4,6,6.6,12,N,NA,
6-Feb,3,heco,high N,3,6,4.7,8,N,NA,
6-Feb,4,heco,low N,1,6,NA,NA,NA,NA,
6-Feb,5,heco,low N,3,6,7.2,8,N,NA,
6-Feb,6,heco,high N,1,6,NA,NA,NA,NA,
6-Feb,7,heco,high N,3,6,7.9,10,N,NA,
6-Feb,8,heco,low N,3,6,7,10,N,NA,
6-Feb,9,ceso,high N,3,6,8,10,N,NA,
6-Feb,10,ceso,high N,4,6,9.3,8,N,NA,
6-Feb,11,ceso,high N,2,6,NA,NA,NA,NA,
6-Feb,12,ceso,low N,2,6,NA,NA,NA,NA,
6-Feb,13,ceso,low N,2,6,NA,NA,NA,NA,
6-Feb,14,ceso,high N,3,6,10.6,11,N,NA,
6-Feb,15,ceso,low N,4,6,9.8,8,N,NA,
6-Feb,16,ceso,low N,1,6,NA,NA,NA,NA,
6-Feb,17,heco,high N,3,6,4.7,10,N,NA,
6-Feb,18,heco,low N,2,6,NA,NA,NA,NA,
6-Feb,19,heco,high N,2,6,NA,NA,NA,NA,
6-Feb,20,ceso,high N,4,6,10.2,12,N,NA,
6-Feb,21,heco,high N,2,6,NA,NA,NA,NA,
6-Feb,22,ceso,low N,2,6,NA,NA,NA,NA,
6-Feb,23,ceso,low N,3,6,7.8,7,N,NA,
6-Feb,24,heco,low N,3,6,7.1,10,N,NA,
6-Feb,25,ceso,low N,4,6,7,9,N,NA,
6-Feb,26,heco,high N,2,6,4.3,10,N,NA,
6-Feb,27,heco,high N,3,6,NA,NA,NA,NA,
6-Feb,28,heco,low N,1,6,NA,NA,NA,NA,
6-Feb,29,heco,high N,2,6,NA,NA,NA,NA,
6-Feb,30,heco,high N,3,6,6.9,12,N,NA,
6-Feb,31,heco,low N,1,6,NA,NA,NA,NA,
6-Feb,32,ceso,low N,3,6,8.3,8,N,NA,
6-Feb,33,heco,high N,4,6,5.1,12,N,NA,
6-Feb,34,heco,high N,1,6,NA,NA,NA,NA,
6-Feb,35,ceso,low N,3,6,6.2,9,N,NA,
6-Feb,36,heco,high N,4,6,7.1,12,N,NA,
6-Feb,37,heco,high N,2,6,NA,NA,NA,NA,
6-Feb,38,ceso,high N,2,6,NA,NA,NA,NA,
6-Feb,39,heco,low N,3,6,7.8,10,N,NA,
6-Feb,40,ceso,low N,3,6,9.9,8,N,NA,
6-Feb,41,heco,high N,2,6,NA,NA,NA,NA,
6-Feb,42,ceso,low N,1,6,NA,NA,NA,NA,
6-Feb,43,ceso,high N,4,6,9.6,11,N,NA,
6-Feb,44,heco,low N,3,6,12.2,8,N,NA,
6-Feb,45,heco,high N,1,6,NA,NA,NA,NA,
6-Feb,46,heco,low N,4,6,5.7,8,N,NA,
6-Feb,47,ceso,high N,1,6,NA,NA,NA,NA,
6-Feb,48,ceso,high N,2,6,NA,NA,NA,NA,
6-Feb,49,heco,low N,3,6,7.3,10,N,NA,
6-Feb,50,ceso,high N,2,6,NA,NA,NA,NA,
6-Feb,51,heco,high N,3,6,8.1,12,N,NA,
6-Feb,52,heco,low N,3,6,4.3,8,N,NA,
6-Feb,53,heco,high N,4,6,9.7,18,N,NA,
6-Feb,54,ceso,high N,3,6,6.6,12,N,NA,
6-Feb,55,heco,high N,4,6,7.6,12,N,NA,
6-Feb,56,heco,low N,4,6,4.1,6,N,NA,
6-Feb,57,heco,high N,1,6,NA,NA,NA,NA,
6-Feb,58,ceso,high N,2,6,NA,NA,NA,NA,
6-Feb,59,ceso,low N,2,6,NA,NA,NA,NA,
6-Feb,60,heco,high N,3,6,12.3,10,N,NA,
6-Feb,61,heco,high N,1,6,NA,NA,NA,NA,
6-Feb,62,ceso,low N,2,6,NA,NA,NA,NA,
6-Feb,63,heco,high N,3,6,4.7,9,N,NA,
6-Feb,64,heco,high N,2,6,NA,NA,NA,NA,
6-Feb,65,heco,low N,3,6,11.5,8,N,NA,
6-Feb,66,ceso,high N,1,6,NA,NA,NA,NA,
6-Feb,67,ceso,high N,4,6,11.2,11,N,NA,
6-Feb,68,ceso,low N,4,6,9.3,8,N,NA,
6-Feb,69,heco,low N,4,6,9.8,8,N,NA,
6-Feb,70,heco,low N,4,6,4.8,8,N,NA,
6-Feb,71,ceso,low N,3,6,10.4,8,N,NA,
6-Feb,72,ceso,low N,2,6,NA,NA,NA,NA,
6-Feb,73,heco,low N,2,6,NA,NA,NA,NA,
6-Feb,74,ceso,high N,1,6,NA,NA,NA,NA,
6-Feb,75,ceso,low N,4,6,5.1,10,N,NA,
6-Feb,76,ceso,low N,1,6,NA,NA,NA,NA,
6-Feb,77,ceso,high N,1,6,NA,NA,NA,NA,
6-Feb,78,ceso,high N,3,6,10.8,12,N,NA,
6-Feb,79,heco,low N,2,6,NA,NA,NA,NA,
6-Feb,80,ceso,low N,4,6,8.8,7,N,NA,
6-Feb,81,heco,low N,2,6,NA,NA,NA,NA,
6-Feb,82,ceso,high N,1,6,NA,NA,NA,NA,
6-Feb,83,heco,low N,1,6,NA,NA,NA,NA,
6-Feb,84,ceso,low N,3,6,7.6,9,N,NA,
6-Feb,85,ceso,low N,4,6,6.6,9,N,NA,
6-Feb,86,heco,low N,3,6,6,8,N,NA,
6-Feb,87,heco,high N,1,6,NA,NA,NA,NA,
6-Feb,88,ceso,high N,2,6,NA,NA,NA,NA,
6-Feb,89,heco,low N,1,6,NA,NA,NA,NA,
6-Feb,90,heco,high N,2,6,NA,NA,NA,NA,
6-Feb,91,ceso,high N,4,6,10.3,12,N,NA,
6-Feb,92,heco,low N,2,6,NA,NA,NA,NA,
6-Feb,93,ceso,high N,2,6,NA,NA,NA,NA,
6-Feb,94,heco,high N,3,6,6.6,12,N,NA,
6-Feb,95,ceso,high N,4,6,7.4,10,N,NA,
6-Feb,96,ceso,high N,1,6,NA,NA,NA,NA,
6-Feb,97,heco,low N,1,6,NA,NA,NA,NA,
6-Feb,98,heco,low N,4,6,7.8,8,N,NA,
6-Feb,99,ceso,low N,2,6,NA,NA,NA,NA,
6-Feb,100,ceso,high N,1,6,NA,NA,NA,NA,
6-Feb,101,ceso,high N,2,6,NA,NA,NA,NA,
6-Feb,102,heco,low N,2,6,NA,NA,NA,NA,
6-Feb,103,ceso,high N,3,6,12.1,10,N,NA,
6-Feb,104,heco,low N,2,6,NA,NA,NA,NA,
6-Feb,105,heco,high N,2,6,NA,NA,NA,NA,
6-Feb,106,ceso,high N,3,6,15.8,20,N,NA,
6-Feb,107,ceso,low N,3,6,8.9,8,N,NA,
6-Feb,108,ceso,low N,1,6,NA,NA,NA,NA,
6-Feb,109,heco,low N,1,6,NA,NA,NA,NA,
6-Feb,110,heco,low N,2,6,NA,NA,NA,NA,
6-Feb,111,ceso,high N,4,6,16.4,12,N,NA,
6-Feb,112,heco,low N,1,6,NA,NA,NA,NA,
6-Feb,113,ceso,low N,4,6,6.1,8,N,NA,
6-Feb,114,heco,high N,3,6,4.8,12,N,NA,
6-Feb,115,heco,high N,1,6,NA,NA,NA,NA,
6-Feb,116,ceso,low N,1,6,NA,NA,NA,NA,
6-Feb,117,ceso,low N,4,6,6.7,7,N,NA,
6-Feb,118,ceso,low N,1,6,NA,NA,NA,NA,
6-Feb,119,ceso,high N,4,6,10.9,13,N,NA,
6-Feb,120,ceso,low N,4,6,8,9,N,NA,
6-Feb,121,heco,high N,4,6,8.8,18,N,NA,
6-Feb,122,ceso,high N,2,6,NA,NA,NA,NA,
6-Feb,123,ceso,high N,1,6,NA,NA,NA,NA,
6-Feb,124,heco,high N,4,6,8.3,30,ready,NA,ready to bolt
6-Feb,125,heco,high N,1,6,NA,NA,NA,NA,
6-Feb,126,heco,high N,4,6,6,14,N,NA,
6-Feb,127,heco,high N,4,6,12.3,20,N,NA,
6-Feb,128,heco,low N,1,6,NA,NA,NA,NA,
6-Feb,129,heco,low N,4,6,13.2,8,N,NA,
6-Feb,130,heco,high N,1,6,NA,NA,NA,NA,
6-Feb,131,ceso,high N,3,6,8.8,12,N,NA,
6-Feb,132,heco,low N,4,6,6.3,8,N,NA,
6-Feb,133,heco,high N,2,6,NA,NA,NA,NA,
6-Feb,134,heco,high N,1,6,NA,NA,NA,NA,
6-Feb,135,heco,low N,2,6,NA,NA,NA,NA,
6-Feb,136,ceso,low N,1,6,NA,NA,NA,NA,
6-Feb,137,ceso,low N,1,6,NA,NA,NA,NA,
6-Feb,138,ceso,low N,2,6,NA,NA,NA,NA,
6-Feb,139,heco,low N,3,6,11.8,10,N,NA,
6-Feb,140,heco,low N,4,6,6,10,N,NA,
6-Feb,141,ceso,low N,1,6,NA,NA,NA,NA,
6-Feb,142,ceso,high N,2,6,NA,NA,NA,NA,
6-Feb,143,heco,high N,4,6,14.4,34,ready,NA,ready to bolt
6-Feb,144,heco,low N,2,6,NA,NA,NA,NA,
6-Feb,145,ceso,high N,4,6,10.8,9,N,NA,
6-Feb,146,ceso,low N,1,6,NA,NA,NA,NA,
6-Feb,147,ceso,low N,3,6,9.7,9,N,NA,
6-Feb,148,ceso,high N,3,6,12.2,12,N,NA,
6-Feb,149,ceso,high N,1,6,NA,NA,NA,NA,
6-Feb,150,heco,low N,4,6,8,10,N,NA,
6-Feb,151,ceso,low N,2,6,NA,NA,NA,NA,
6-Feb,152,ceso,high N,3,6,12.9,13,N,NA,
6-Feb,153,ceso,high N,1,6,NA,NA,NA,NA,
6-Feb,154,ceso,low N,2,6,NA,NA,NA,NA,
6-Feb,155,ceso,low N,4,6,9.4,10,N,NA,
6-Feb,156,ceso,low N,3,6,9.2,7,N,NA,
6-Feb,157,ceso,high N,4,6,12.5,13,N,NA,
6-Feb,158,ceso,low N,3,6,12.6,7,N,NA,
6-Feb,159,ceso,high N,3,6,13.1,16,N,NA,
6-Feb,160,heco,low N,1,6,NA,NA,NA,NA,
13-Feb,1,heco,low N,4,7,8.4,8,N,NA,
13-Feb,2,heco,high N,4,7,6.7,20,N,NA,
13-Feb,3,heco,high N,3,7,NA,NA,NA,NA,
13-Feb,4,heco,low N,1,7,NA,NA,NA,NA,
13-Feb,5,heco,low N,3,7,NA,NA,NA,NA,
13-Feb,6,heco,high N,1,7,NA,NA,NA,NA,
13-Feb,7,heco,high N,3,7,NA,NA,NA,NA,
13-Feb,8,heco,low N,3,7,NA,NA,NA,NA,
13-Feb,9,ceso,high N,3,7,NA,NA,NA,NA,
13-Feb,10,ceso,high N,4,7,10.9,13,N,NA,
13-Feb,11,ceso,high N,2,7,NA,NA,NA,NA,
13-Feb,12,ceso,low N,2,7,NA,NA,NA,NA,
13-Feb,13,ceso,low N,2,7,NA,NA,NA,NA,
13-Feb,14,ceso,high N,3,7,NA,NA,NA,NA,
13-Feb,15,ceso,low N,4,7,10.3,12,N,NA,
13-Feb,16,ceso,low N,1,7,NA,NA,NA,NA,
13-Feb,17,heco,high N,3,7,NA,NA,NA,NA,
13-Feb,18,heco,low N,2,7,NA,NA,NA,NA,
13-Feb,19,heco,high N,2,7,NA,NA,NA,NA,
13-Feb,20,ceso,high N,4,7,9.1,21,N,NA,
13-Feb,21,heco,high N,2,7,NA,NA,NA,NA,
13-Feb,22,ceso,low N,2,7,NA,NA,NA,NA,
13-Feb,23,ceso,low N,3,7,NA,NA,NA,NA,
13-Feb,24,heco,low N,3,7,NA,NA,NA,NA,
13-Feb,25,ceso,low N,4,7,7.5,13,N,NA,
13-Feb,26,heco,high N,2,7,NA,NA,NA,NA,
13-Feb,27,heco,high N,3,7,NA,NA,NA,NA,
13-Feb,28,heco,low N,1,7,NA,NA,NA,NA,
13-Feb,29,heco,high N,2,7,NA,NA,NA,NA,
13-Feb,30,heco,high N,3,7,NA,NA,NA,NA,
13-Feb,31,heco,low N,1,7,NA,NA,NA,NA,
13-Feb,32,ceso,low N,3,7,NA,NA,NA,NA,
13-Feb,33,heco,high N,4,7,8.9,28,ready,NA,ready to bolt
13-Feb,34,heco,high N,1,7,NA,NA,NA,NA,
13-Feb,35,ceso,low N,3,7,NA,NA,NA,NA,
13-Feb,36,heco,high N,4,7,8.4,24,N,NA,
13-Feb,37,heco,high N,2,7,NA,NA,NA,NA,
13-Feb,38,ceso,high N,2,7,NA,NA,NA,NA,
13-Feb,39,heco,low N,3,7,NA,NA,NA,NA,
13-Feb,40,ceso,low N,3,7,NA,NA,NA,NA,
13-Feb,41,heco,high N,2,7,NA,NA,NA,NA,
13-Feb,42,ceso,low N,1,7,NA,NA,NA,NA,
13-Feb,43,ceso,high N,4,7,15.1,22,N,NA,
13-Feb,44,heco,low N,3,7,NA,NA,NA,NA,
13-Feb,45,heco,high N,1,7,NA,NA,NA,NA,
13-Feb,46,heco,low N,4,7,7.4,10,N,NA,
13-Feb,47,ceso,high N,1,7,NA,NA,NA,NA,
13-Feb,48,ceso,high N,2,7,NA,NA,NA,NA,
13-Feb,49,heco,low N,3,7,NA,NA,NA,NA,
13-Feb,50,ceso,high N,2,7,NA,NA,NA,NA,
13-Feb,51,heco,high N,3,7,NA,NA,NA,NA,
13-Feb,52,heco,low N,3,7,NA,NA,NA,NA,
13-Feb,53,heco,high N,4,7,15.3,42,Y,NA,
13-Feb,54,ceso,high N,3,7,NA,NA,NA,NA,
13-Feb,55,heco,high N,4,7,11.4,30,ready,NA,ready to bolt
13-Feb,56,heco,low N,4,7,6.3,8,N,NA,
13-Feb,57,heco,high N,1,7,NA,NA,NA,NA,
13-Feb,58,ceso,high N,2,7,NA,NA,NA,NA,
13-Feb,59,ceso,low N,2,7,NA,NA,NA,NA,
13-Feb,60,heco,high N,3,7,NA,NA,NA,NA,
13-Feb,61,heco,high N,1,7,NA,NA,NA,NA,
13-Feb,62,ceso,low N,2,7,NA,NA,NA,NA,
13-Feb,63,heco,high N,3,7,NA,NA,NA,NA,
13-Feb,64,heco,high N,2,7,NA,NA,NA,NA,
13-Feb,65,heco,low N,3,7,NA,NA,NA,NA,
13-Feb,66,ceso,high N,1,7,NA,NA,NA,NA,
13-Feb,67,ceso,high N,4,7,13.6,16,N,NA,
13-Feb,68,ceso,low N,4,7,9.7,11,N,NA,
13-Feb,69,heco,low N,4,7,8.1,10,N,NA,
13-Feb,70,heco,low N,4,7,14.6,10,N,NA,
13-Feb,71,ceso,low N,3,7,NA,NA,NA,NA,
13-Feb,72,ceso,low N,2,7,NA,NA,NA,NA,
13-Feb,73,heco,low N,2,7,NA,NA,NA,NA,
13-Feb,74,ceso,high N,1,7,NA,NA,NA,NA,
13-Feb,75,ceso,low N,4,7,6.6,13,N,NA,
13-Feb,76,ceso,low N,1,7,NA,NA,NA,NA,
13-Feb,77,ceso,high N,1,7,NA,NA,NA,NA,
13-Feb,78,ceso,high N,3,7,NA,NA,NA,NA,
13-Feb,79,heco,low N,2,7,NA,NA,NA,NA,
13-Feb,80,ceso,low N,4,7,8.2,10,N,NA,
13-Feb,81,heco,low N,2,7,NA,NA,NA,NA,
13-Feb,82,ceso,high N,1,7,NA,NA,NA,NA,
13-Feb,83,heco,low N,1,7,NA,NA,NA,NA,
13-Feb,84,ceso,low N,3,7,NA,NA,NA,NA,
13-Feb,85,ceso,low N,4,7,8.2,12,N,NA,
13-Feb,86,heco,low N,3,7,NA,NA,NA,NA,
13-Feb,87,heco,high N,1,7,NA,NA,NA,NA,
13-Feb,88,ceso,high N,2,7,NA,NA,NA,NA,
13-Feb,89,heco,low N,1,7,NA,NA,NA,NA,
13-Feb,90,heco,high N,2,7,NA,NA,NA,NA,
13-Feb,91,ceso,high N,4,7,17.4,28,Y,0,
13-Feb,92,heco,low N,2,7,NA,NA,NA,NA,
13-Feb,93,ceso,high N,2,7,NA,NA,NA,NA,
13-Feb,94,heco,high N,3,7,NA,NA,NA,NA,
13-Feb,95,ceso,high N,4,7,14.4,16,N,NA,
13-Feb,96,ceso,high N,1,7,NA,NA,NA,NA,
13-Feb,97,heco,low N,1,7,NA,NA,NA,NA,
13-Feb,98,heco,low N,4,7,11.1,12,N,NA,
13-Feb,99,ceso,low N,2,7,NA,NA,NA,NA,
13-Feb,100,ceso,high N,1,7,NA,NA,NA,NA,
13-Feb,101,ceso,high N,2,7,NA,NA,NA,NA,
13-Feb,102,heco,low N,2,7,NA,NA,NA,NA,
13-Feb,103,ceso,high N,3,7,NA,NA,NA,NA,
13-Feb,104,heco,low N,2,7,NA,NA,NA,NA,
13-Feb,105,heco,high N,2,7,NA,NA,NA,NA,
13-Feb,106,ceso,high N,3,7,NA,NA,NA,NA,
13-Feb,107,ceso,low N,3,7,NA,NA,NA,NA,
13-Feb,108,ceso,low N,1,7,NA,NA,NA,NA,
13-Feb,109,heco,low N,1,7,NA,NA,NA,NA,
13-Feb,110,heco,low N,2,7,NA,NA,NA,NA,
13-Feb,111,ceso,high N,4,7,18.8,20,Y,NA,
13-Feb,112,heco,low N,1,7,NA,NA,NA,NA,
13-Feb,113,ceso,low N,4,7,7.4,12,N,NA,
13-Feb,114,heco,high N,3,7,NA,NA,NA,NA,
13-Feb,115,heco,high N,1,7,NA,NA,NA,NA,
13-Feb,116,ceso,low N,1,7,NA,NA,NA,NA,
13-Feb,117,ceso,low N,4,7,10.2,10,N,NA,
13-Feb,118,ceso,low N,1,7,NA,NA,NA,NA,
13-Feb,119,ceso,high N,4,7,12.1,17,N,NA,
13-Feb,120,ceso,low N,4,7,7.7,11,N,NA,
13-Feb,121,heco,high N,4,7,16.3,42,Y,0,
13-Feb,122,ceso,high N,2,7,NA,NA,NA,NA,
13-Feb,123,ceso,high N,1,7,NA,NA,NA,NA,
13-Feb,124,heco,high N,4,7,18.9,40,Y,0,
13-Feb,125,heco,high N,1,7,NA,NA,NA,NA,
13-Feb,126,heco,high N,4,7,20.2,32,Y,0,
13-Feb,127,heco,high N,4,7,19.3,50,Y,0,
13-Feb,128,heco,low N,1,7,NA,NA,NA,NA,
13-Feb,129,heco,low N,4,7,16.1,10,N,NA,
13-Feb,130,heco,high N,1,7,NA,NA,NA,NA,
13-Feb,131,ceso,high N,3,7,NA,NA,NA,NA,
13-Feb,132,heco,low N,4,7,13.2,10,N,NA,
13-Feb,133,heco,high N,2,7,NA,NA,NA,NA,
13-Feb,134,heco,high N,1,7,NA,NA,NA,NA,
13-Feb,135,heco,low N,2,7,NA,NA,NA,NA,
13-Feb,136,ceso,low N,1,7,NA,NA,NA,NA,
13-Feb,137,ceso,low N,1,7,NA,NA,NA,NA,
13-Feb,138,ceso,low N,2,7,NA,NA,NA,NA,
13-Feb,139,heco,low N,3,7,NA,NA,NA,NA,
13-Feb,140,heco,low N,4,7,12.1,12,N,NA,
13-Feb,141,ceso,low N,1,7,NA,NA,NA,NA,
13-Feb,142,ceso,high N,2,7,NA,NA,NA,NA,
13-Feb,143,heco,high N,4,7,19.8,48,Y,0,
13-Feb,144,heco,low N,2,7,NA,NA,NA,NA,
13-Feb,145,ceso,high N,4,7,6.5,14,N,NA,
13-Feb,146,ceso,low N,1,7,NA,NA,NA,NA,
13-Feb,147,ceso,low N,3,7,NA,NA,NA,NA,
13-Feb,148,ceso,high N,3,7,NA,NA,NA,NA,
13-Feb,149,ceso,high N,1,7,NA,NA,NA,NA,
13-Feb,150,heco,low N,4,7,9.6,12,N,NA,
13-Feb,151,ceso,low N,2,7,NA,NA,NA,NA,
13-Feb,152,ceso,high N,3,7,NA,NA,NA,NA,
13-Feb,153,ceso,high N,1,7,NA,NA,NA,NA,
13-Feb,154,ceso,low N,2,7,NA,NA,NA,NA,
13-Feb,155,ceso,low N,4,7,8.8,11,N,NA,multiple Yellow and reddish leaves
13-Feb,156,ceso,low N,3,7,NA,NA,NA,NA,
13-Feb,157,ceso,high N,4,7,11.7,14,N,NA,
13-Feb,158,ceso,low N,3,7,NA,NA,NA,NA,
13-Feb,159,ceso,high N,3,7,NA,NA,NA,NA,
13-Feb,160,heco,low N,1,7,NA,NA,NA,NA,
20-Feb,1,heco,low N,4,8,12.9,12,N,NA,
20-Feb,2,heco,high N,4,8,12.6,36,N,NA,
20-Feb,3,heco,high N,3,8,NA,NA,NA,NA,
20-Feb,4,heco,low N,1,8,NA,NA,NA,NA,
20-Feb,5,heco,low N,3,8,NA,NA,NA,NA,
20-Feb,6,heco,high N,1,8,NA,NA,NA,NA,
20-Feb,7,heco,high N,3,8,NA,NA,NA,NA,
20-Feb,8,heco,low N,3,8,NA,NA,NA,NA,
20-Feb,9,ceso,high N,3,8,20.3,16,N,NA,
20-Feb,10,ceso,high N,4,8,NA,NA,NA,NA,
20-Feb,11,ceso,high N,2,8,NA,NA,NA,NA,
20-Feb,12,ceso,low N,2,8,NA,NA,NA,NA,
20-Feb,13,ceso,low N,2,8,NA,NA,NA,NA,
20-Feb,14,ceso,high N,3,8,NA,NA,NA,NA,
20-Feb,15,ceso,low N,4,8,10.3,13,N,NA,
20-Feb,16,ceso,low N,1,8,NA,NA,NA,NA,
20-Feb,17,heco,high N,3,8,NA,NA,NA,NA,
20-Feb,18,heco,low N,2,8,NA,NA,NA,NA,
20-Feb,19,heco,high N,2,8,NA,NA,NA,NA,
20-Feb,20,ceso,high N,4,8,10.6,24,N,NA,
20-Feb,21,heco,high N,2,8,NA,NA,NA,NA,
20-Feb,22,ceso,low N,2,8,NA,NA,NA,NA,
20-Feb,23,ceso,low N,3,8,NA,NA,NA,NA,
20-Feb,24,heco,low N,3,8,NA,NA,NA,NA,
20-Feb,25,ceso,low N,4,8,9.1,16,N,NA,3 Yellow leaves
20-Feb,26,heco,high N,2,8,NA,NA,NA,NA,
20-Feb,27,heco,high N,3,8,NA,NA,NA,NA,
20-Feb,28,heco,low N,1,8,NA,NA,NA,NA,
20-Feb,29,heco,high N,2,8,NA,NA,NA,NA,
20-Feb,30,heco,high N,3,8,NA,NA,NA,NA,
20-Feb,31,heco,low N,1,8,NA,NA,NA,NA,
20-Feb,32,ceso,low N,3,8,NA,NA,NA,NA,
20-Feb,33,heco,high N,4,8,17.3,52,ready,NA,pre-bolting
20-Feb,34,heco,high N,1,8,NA,NA,NA,NA,
20-Feb,35,ceso,low N,3,8,NA,NA,NA,NA,
20-Feb,36,heco,high N,4,8,17.8,46,ready,NA,pre-bolting
20-Feb,37,heco,high N,2,8,NA,NA,NA,NA,
20-Feb,38,ceso,high N,2,8,NA,NA,NA,NA,
20-Feb,39,heco,low N,3,8,NA,NA,NA,NA,
20-Feb,40,ceso,low N,3,8,NA,NA,NA,NA,
20-Feb,41,heco,high N,2,8,NA,NA,NA,NA,
20-Feb,42,ceso,low N,1,8,NA,NA,NA,NA,
20-Feb,43,ceso,high N,4,8,13.7,22,N,NA,5 Yellow leaves
20-Feb,44,heco,low N,3,8,NA,NA,NA,NA,
20-Feb,45,heco,high N,1,8,NA,NA,NA,NA,
20-Feb,46,heco,low N,4,8,12.6,12,N,NA,
20-Feb,47,ceso,high N,1,8,NA,NA,NA,NA,
20-Feb,48,ceso,high N,2,8,NA,NA,NA,NA,
20-Feb,49,heco,low N,3,8,NA,NA,NA,NA,
20-Feb,50,ceso,high N,2,8,NA,NA,NA,NA,
20-Feb,51,heco,high N,3,8,NA,NA,NA,NA,
20-Feb,52,heco,low N,3,8,NA,NA,NA,NA,
20-Feb,53,heco,high N,4,8,23.5,48,ready,NA,pre-bolting
20-Feb,54,ceso,high N,3,8,NA,NA,NA,NA,
20-Feb,55,heco,high N,4,8,12.5,38,N,NA,
20-Feb,56,heco,low N,4,8,9.2,10,N,NA,
20-Feb,57,heco,high N,1,8,NA,NA,NA,NA,
20-Feb,58,ceso,high N,2,8,NA,NA,NA,NA,
20-Feb,59,ceso,low N,2,8,NA,NA,NA,NA,
20-Feb,60,heco,high N,3,8,NA,NA,NA,NA,
20-Feb,61,heco,high N,1,8,NA,NA,NA,NA,
20-Feb,62,ceso,low N,2,8,NA,NA,NA,NA,
20-Feb,63,heco,high N,3,8,NA,NA,NA,NA,
20-Feb,64,heco,high N,2,8,NA,NA,NA,NA,
20-Feb,65,heco,low N,3,8,NA,NA,NA,NA,
20-Feb,66,ceso,high N,1,8,NA,NA,NA,NA,
20-Feb,67,ceso,high N,4,8,16.4,25,N,NA,
20-Feb,68,ceso,low N,4,8,12.2,14,N,NA,
20-Feb,69,heco,low N,4,8,13.9,12,N,NA,
20-Feb,70,heco,low N,4,8,15.2,14,N,NA,
20-Feb,71,ceso,low N,3,8,NA,NA,NA,NA,
20-Feb,72,ceso,low N,2,8,NA,NA,NA,NA,
20-Feb,73,heco,low N,2,8,NA,NA,NA,NA,
20-Feb,74,ceso,high N,1,8,NA,NA,NA,NA,
20-Feb,75,ceso,low N,4,8,7.8,14,N,NA,
20-Feb,76,ceso,low N,1,8,NA,NA,NA,NA,
20-Feb,77,ceso,high N,1,8,NA,NA,NA,NA,
20-Feb,78,ceso,high N,3,8,NA,NA,NA,NA,
20-Feb,79,heco,low N,2,8,NA,NA,NA,NA,
20-Feb,80,ceso,low N,4,8,9.7,13,N,NA,"3 reddish leaves, two Yellow leaves"
20-Feb,81,heco,low N,2,8,NA,NA,NA,NA,
20-Feb,82,ceso,high N,1,8,NA,NA,NA,NA,
20-Feb,83,heco,low N,1,8,NA,NA,NA,NA,
20-Feb,84,ceso,low N,3,8,NA,NA,NA,NA,
20-Feb,85,ceso,low N,4,8,8.9,14,N,NA,3 Yellow leaves
20-Feb,86,heco,low N,3,8,NA,NA,NA,NA,
20-Feb,87,heco,high N,1,8,NA,NA,NA,NA,
20-Feb,88,ceso,high N,2,8,NA,NA,NA,NA,
20-Feb,89,heco,low N,1,8,NA,NA,NA,NA,
20-Feb,90,heco,high N,2,8,NA,NA,NA,NA,
20-Feb,91,ceso,high N,4,8,44.1,41,Y,2,"7 branches, 5 Yellow leaves"
20-Feb,92,heco,low N,2,8,NA,NA,NA,NA,
20-Feb,93,ceso,high N,2,8,NA,NA,NA,NA,
20-Feb,94,heco,high N,3,8,NA,NA,NA,NA,
20-Feb,95,ceso,high N,4,8,13.6,23,N,NA,3 Yellow leaves
20-Feb,96,ceso,high N,1,8,NA,NA,NA,NA,
20-Feb,97,heco,low N,1,8,NA,NA,NA,NA,
20-Feb,98,heco,low N,4,8,13.3,14,N,NA,
20-Feb,99,ceso,low N,2,8,NA,NA,NA,NA,
20-Feb,100,ceso,high N,1,8,NA,NA,NA,NA,
20-Feb,101,ceso,high N,2,8,NA,NA,NA,NA,
20-Feb,102,heco,low N,2,8,NA,NA,NA,NA,
20-Feb,103,ceso,high N,3,8,NA,NA,NA,NA,
20-Feb,104,heco,low N,2,8,NA,NA,NA,NA,
20-Feb,105,heco,high N,2,8,NA,NA,NA,NA,
20-Feb,106,ceso,high N,3,8,NA,NA,NA,NA,
20-Feb,107,ceso,low N,3,8,NA,NA,NA,NA,
20-Feb,108,ceso,low N,1,8,NA,NA,NA,NA,
20-Feb,109,heco,low N,1,8,NA,NA,NA,NA,
20-Feb,110,heco,low N,2,8,NA,NA,NA,NA,
20-Feb,111,ceso,high N,4,8,53.3,32,Y,1,"12 branches, 5 Yellow leaves"
20-Feb,112,heco,low N,1,8,NA,NA,NA,NA,
20-Feb,113,ceso,low N,4,8,8.9,14,N,NA,
20-Feb,114,heco,high N,3,8,NA,NA,NA,NA,
20-Feb,115,heco,high N,1,8,NA,NA,NA,NA,
20-Feb,116,ceso,low N,1,8,NA,NA,NA,NA,
20-Feb,117,ceso,low N,4,8,11.1,12,N,NA,
20-Feb,118,ceso,low N,1,8,NA,NA,NA,NA,
20-Feb,119,ceso,high N,4,8,16.4,22,ready,NA,"pre-bolting, 3 Yellow leaves"
20-Feb,120,ceso,low N,4,8,8.1,13,N,NA,
20-Feb,121,heco,high N,4,8,25.2,74,Y,0,
20-Feb,122,ceso,high N,2,8,NA,NA,NA,NA,
20-Feb,123,ceso,high N,1,8,NA,NA,NA,NA,
20-Feb,124,heco,high N,4,8,22.4,48,ready,NA,pre-bolting
20-Feb,125,heco,high N,1,8,NA,NA,NA,NA,
20-Feb,126,heco,high N,4,8,24.2,54,ready,NA,pre-bolting
20-Feb,127,heco,high N,4,8,26.2,96,Y,0,
20-Feb,128,heco,low N,1,8,NA,NA,NA,NA,
20-Feb,129,heco,low N,4,8,18.1,14,N,NA,
20-Feb,130,heco,high N,1,8,NA,NA,NA,NA,
20-Feb,131,ceso,high N,3,8,NA,NA,NA,NA,
20-Feb,132,heco,low N,4,8,15.7,12,N,NA,
20-Feb,133,heco,high N,2,8,NA,NA,NA,NA,
20-Feb,134,heco,high N,1,8,NA,NA,NA,NA,
20-Feb,135,heco,low N,2,8,NA,NA,NA,NA,
20-Feb,136,ceso,low N,1,8,NA,NA,NA,NA,
20-Feb,137,ceso,low N,1,8,NA,NA,NA,NA,
20-Feb,138,ceso,low N,2,8,NA,NA,NA,NA,
20-Feb,139,heco,low N,3,8,NA,NA,NA,NA,
20-Feb,140,heco,low N,4,8,15.6,16,N,NA,
20-Feb,141,ceso,low N,1,8,NA,NA,NA,NA,
20-Feb,142,ceso,high N,2,8,NA,NA,NA,NA,
20-Feb,143,heco,high N,4,8,26.8,76,Y,0,
20-Feb,144,heco,low N,2,8,NA,NA,NA,NA,
20-Feb,145,ceso,high N,4,8,11.3,19,N,NA,3 Yellow leaves
20-Feb,146,ceso,low N,1,8,NA,NA,NA,NA,
20-Feb,147,ceso,low N,3,8,NA,NA,NA,NA,
20-Feb,148,ceso,high N,3,8,NA,NA,NA,NA,
20-Feb,149,ceso,high N,1,8,NA,NA,NA,NA,
20-Feb,150,heco,low N,4,8,12,16,N,NA,
20-Feb,151,ceso,low N,2,8,NA,NA,NA,NA,
20-Feb,152,ceso,high N,3,8,NA,NA,NA,NA,
20-Feb,153,ceso,high N,1,8,NA,NA,NA,NA,
20-Feb,154,ceso,low N,2,8,NA,NA,NA,NA,
20-Feb,155,ceso,low N,4,8,5.9,16,N,NA,
20-Feb,156,ceso,low N,3,8,NA,NA,NA,NA,
20-Feb,157,ceso,high N,4,8,9.7,18,N,NA,
20-Feb,158,ceso,low N,3,8,NA,NA,NA,NA,
20-Feb,159,ceso,high N,3,8,NA,NA,NA,NA,
20-Feb,160,heco,low N,1,8,NA,NA,NA,NA,
28-Feb,1,heco,low N,4,9,16.9,14,N,NA,
28-Feb,2,heco,high N,4,9,19.8,56,N,NA,
28-Feb,3,heco,high N,3,9,NA,NA,NA,NA,
28-Feb,4,heco,low N,1,9,NA,NA,NA,NA,
28-Feb,5,heco,low N,3,9,NA,NA,NA,NA,
28-Feb,6,heco,high N,1,9,NA,NA,NA,NA,
28-Feb,7,heco,high N,3,9,NA,NA,NA,NA,
28-Feb,8,heco,low N,3,9,NA,NA,NA,NA,
28-Feb,9,ceso,high N,3,9,NA,NA,NA,NA,
28-Feb,10,ceso,high N,4,9,22.5,19,N,NA,
28-Feb,11,ceso,high N,2,9,NA,NA,NA,NA,
28-Feb,12,ceso,low N,2,9,NA,NA,NA,NA,
28-Feb,13,ceso,low N,2,9,NA,NA,NA,NA,
28-Feb,14,ceso,high N,3,9,NA,NA,NA,NA,
28-Feb,15,ceso,low N,4,9,11.1,16,N,NA,
28-Feb,16,ceso,low N,1,9,NA,NA,NA,NA,
28-Feb,17,heco,high N,3,9,NA,NA,NA,NA,
28-Feb,18,heco,low N,2,9,NA,NA,NA,NA,
28-Feb,19,heco,high N,2,9,NA,NA,NA,NA,
28-Feb,20,ceso,high N,4,9,12.3,28,N,NA,5Y
28-Feb,21,heco,high N,2,9,NA,NA,NA,NA,
28-Feb,22,ceso,low N,2,9,NA,NA,NA,NA,
28-Feb,23,ceso,low N,3,9,NA,NA,NA,NA,
28-Feb,24,heco,low N,3,9,NA,NA,NA,NA,
28-Feb,25,ceso,low N,4,9,9.3,19,N,NA,"2Y, 8 white tips"
28-Feb,26,heco,high N,2,9,NA,NA,NA,NA,
28-Feb,27,heco,high N,3,9,NA,NA,NA,NA,
28-Feb,28,heco,low N,1,9,NA,NA,NA,NA,
28-Feb,29,heco,high N,2,9,NA,NA,NA,NA,
28-Feb,30,heco,high N,3,9,NA,NA,NA,NA,
28-Feb,31,heco,low N,1,9,NA,NA,NA,NA,
28-Feb,32,ceso,low N,3,9,NA,NA,NA,NA,
28-Feb,33,heco,high N,4,9,22.5,68,ready,NA,
28-Feb,34,heco,high N,1,9,NA,NA,NA,NA,
28-Feb,35,ceso,low N,3,9,NA,NA,NA,NA,
28-Feb,36,heco,high N,4,9,27.8,60,Y,0,
28-Feb,37,heco,high N,2,9,NA,NA,NA,NA,
28-Feb,38,ceso,high N,2,9,NA,NA,NA,NA,
28-Feb,39,heco,low N,3,9,NA,NA,NA,NA,
28-Feb,40,ceso,low N,3,9,NA,NA,NA,NA,
28-Feb,41,heco,high N,2,9,NA,NA,NA,NA,
28-Feb,42,ceso,low N,1,9,NA,NA,NA,NA,
28-Feb,43,ceso,high N,4,9,13.7,31,N,NA,
28-Feb,44,heco,low N,3,9,NA,NA,NA,NA,
28-Feb,45,heco,high N,1,9,NA,NA,NA,NA,
28-Feb,46,heco,low N,4,9,18,16,N,NA,
28-Feb,47,ceso,high N,1,9,NA,NA,NA,NA,
28-Feb,48,ceso,high N,2,9,NA,NA,NA,NA,
28-Feb,49,heco,low N,3,9,NA,NA,NA,NA,
28-Feb,50,ceso,high N,2,9,NA,NA,NA,NA,
28-Feb,51,heco,high N,3,9,NA,NA,NA,NA,
28-Feb,52,heco,low N,3,9,NA,NA,NA,NA,
28-Feb,53,heco,high N,4,9,24.1,90,Y,0,
28-Feb,54,ceso,high N,3,9,NA,NA,NA,NA,
28-Feb,55,heco,high N,4,9,16.1,38,ready,NA,3Y
28-Feb,56,heco,low N,4,9,13.1,12,N,NA,
28-Feb,57,heco,high N,1,9,NA,NA,NA,NA,
28-Feb,58,ceso,high N,2,9,NA,NA,NA,NA,
28-Feb,59,ceso,low N,2,9,NA,NA,NA,NA,
28-Feb,60,heco,high N,3,9,NA,NA,NA,NA,
28-Feb,61,heco,high N,1,9,NA,NA,NA,NA,
28-Feb,62,ceso,low N,2,9,NA,NA,NA,NA,
28-Feb,63,heco,high N,3,9,NA,NA,NA,NA,
28-Feb,64,heco,high N,2,9,NA,NA,NA,NA,
28-Feb,65,heco,low N,3,9,NA,NA,NA,NA,
28-Feb,66,ceso,high N,1,9,NA,NA,NA,NA,
28-Feb,67,ceso,high N,4,9,52.1,45,Y,2,5 Y
28-Feb,68,ceso,low N,4,9,16.1,17,Y,0,1 Y
28-Feb,69,heco,low N,4,9,15.6,16,N,NA,
28-Feb,70,heco,low N,4,9,18,18,ready,NA,
28-Feb,71,ceso,low N,3,9,NA,NA,NA,NA,
28-Feb,72,ceso,low N,2,9,NA,NA,NA,NA,
28-Feb,73,heco,low N,2,9,NA,NA,NA,NA,
28-Feb,74,ceso,high N,1,9,NA,NA,NA,NA,
28-Feb,75,ceso,low N,4,9,12.7,18,ready,NA,
28-Feb,76,ceso,low N,1,9,NA,NA,NA,NA,
28-Feb,77,ceso,high N,1,9,NA,NA,NA,NA,
28-Feb,78,ceso,high N,3,9,NA,NA,NA,NA,
28-Feb,79,heco,low N,2,9,NA,NA,NA,NA,
28-Feb,80,ceso,low N,4,9,14.7,16,N,NA,5Y
28-Feb,81,heco,low N,2,9,NA,NA,NA,NA,
28-Feb,82,ceso,high N,1,9,NA,NA,NA,NA,
28-Feb,83,heco,low N,1,9,NA,NA,NA,NA,
28-Feb,84,ceso,low N,3,9,NA,NA,NA,NA,
28-Feb,85,ceso,low N,4,9,11.6,15,N,NA,5Y
28-Feb,86,heco,low N,3,9,NA,NA,NA,NA,
28-Feb,87,heco,high N,1,9,NA,NA,NA,NA,
28-Feb,88,ceso,high N,2,9,NA,NA,NA,NA,
28-Feb,89,heco,low N,1,9,NA,NA,NA,NA,
28-Feb,90,heco,high N,2,9,NA,NA,NA,NA,
28-Feb,91,ceso,high N,4,9,56.1,62,Y,5,5Y
28-Feb,92,heco,low N,2,9,NA,NA,NA,NA,
28-Feb,93,ceso,high N,2,9,NA,NA,NA,NA,
28-Feb,94,heco,high N,3,9,NA,NA,NA,NA,
28-Feb,95,ceso,high N,4,9,19.7,26,N,NA,6Y
28-Feb,96,ceso,high N,1,9,NA,NA,NA,NA,
28-Feb,97,heco,low N,1,9,NA,NA,NA,NA,
28-Feb,98,heco,low N,4,9,16.7,18,ready,NA,
28-Feb,99,ceso,low N,2,9,NA,NA,NA,NA,
28-Feb,100,ceso,high N,1,9,NA,NA,NA,NA,
28-Feb,101,ceso,high N,2,9,NA,NA,NA,NA,
28-Feb,102,heco,low N,2,9,NA,NA,NA,NA,
28-Feb,103,ceso,high N,3,9,NA,NA,NA,NA,
28-Feb,104,heco,low N,2,9,NA,NA,NA,NA,
28-Feb,105,heco,high N,2,9,NA,NA,NA,NA,
28-Feb,106,ceso,high N,3,9,NA,NA,NA,NA,
28-Feb,107,ceso,low N,3,9,NA,NA,NA,NA,
28-Feb,108,ceso,low N,1,9,NA,NA,NA,NA,
28-Feb,109,heco,low N,1,9,NA,NA,NA,NA,
28-Feb,110,heco,low N,2,9,NA,NA,NA,NA,
28-Feb,111,ceso,high N,4,9,68.8,71,Y,3,3 Y
28-Feb,112,heco,low N,1,9,NA,NA,NA,NA,
28-Feb,113,ceso,low N,4,9,12.6,16,N,NA,
28-Feb,114,heco,high N,3,9,NA,NA,NA,NA,
28-Feb,115,heco,high N,1,9,NA,NA,NA,NA,
28-Feb,116,ceso,low N,1,9,NA,NA,NA,NA,
28-Feb,117,ceso,low N,4,9,14,15,ready,NA,
28-Feb,118,ceso,low N,1,9,NA,NA,NA,NA,
28-Feb,119,ceso,high N,4,9,32.1,27,Y,0,5Y
28-Feb,120,ceso,low N,4,9,12.8,15,N,NA,1 red
28-Feb,121,heco,high N,4,9,42.6,92,Y,9,
28-Feb,122,ceso,high N,2,9,NA,NA,NA,NA,
28-Feb,123,ceso,high N,1,9,NA,NA,NA,NA,
28-Feb,124,heco,high N,4,9,32.2,86,Y,4,
28-Feb,125,heco,high N,1,9,NA,NA,NA,NA,
28-Feb,126,heco,high N,4,9,28.6,114,Y,0,
28-Feb,127,heco,high N,4,9,46.1,142,Y,10,
28-Feb,128,heco,low N,1,9,NA,NA,NA,NA,
28-Feb,129,heco,low N,4,9,21.7,22,ready,NA,
28-Feb,130,heco,high N,1,9,NA,NA,NA,NA,
28-Feb,131,ceso,high N,3,9,NA,NA,NA,NA,
28-Feb,132,heco,low N,4,9,16.8,20,N,NA,
28-Feb,133,heco,high N,2,9,NA,NA,NA,NA,
28-Feb,134,heco,high N,1,9,NA,NA,NA,NA,
28-Feb,135,heco,low N,2,9,NA,NA,NA,NA,
28-Feb,136,ceso,low N,1,9,NA,NA,NA,NA,
28-Feb,137,ceso,low N,1,9,NA,NA,NA,NA,
28-Feb,138,ceso,low N,2,9,NA,NA,NA,NA,
28-Feb,139,heco,low N,3,9,NA,NA,NA,NA,
28-Feb,140,heco,low N,4,9,16,26,ready,NA,
28-Feb,141,ceso,low N,1,9,NA,NA,NA,NA,
28-Feb,142,ceso,high N,2,9,NA,NA,NA,NA,
28-Feb,143,heco,high N,4,9,52.9,106,Y,6,
28-Feb,144,heco,low N,2,9,NA,NA,NA,NA,
28-Feb,145,ceso,high N,4,9,14.7,22,N,NA,
28-Feb,146,ceso,low N,1,9,NA,NA,NA,NA,
28-Feb,147,ceso,low N,3,9,NA,NA,NA,NA,
28-Feb,148,ceso,high N,3,9,NA,NA,NA,NA,
28-Feb,149,ceso,high N,1,9,NA,NA,NA,NA,
28-Feb,150,heco,low N,4,9,12.2,18,ready,NA,
28-Feb,151,ceso,low N,2,9,NA,NA,NA,NA,
28-Feb,152,ceso,high N,3,9,NA,NA,NA,NA,
28-Feb,153,ceso,high N,1,9,NA,NA,NA,NA,
28-Feb,154,ceso,low N,2,9,NA,NA,NA,NA,
28-Feb,155,ceso,low N,4,9,12.7,16,N,3 red,
28-Feb,156,ceso,low N,3,9,NA,NA,NA,NA,
28-Feb,157,ceso,high N,4,9,16.8,23,N,5 Y,
28-Feb,158,ceso,low N,3,9,NA,NA,NA,NA,
28-Feb,159,ceso,high N,3,9,NA,NA,NA,NA,
28-Feb,160,heco,low N,1,9,NA,NA,NA,NA,
5-Mar,1,heco,low N,4,10,17.9,14,N,NA,
5-Mar,2,heco,high N,4,10,21.6,56,ready,NA,
5-Mar,3,heco,high N,3,10,NA,NA,NA,NA,
5-Mar,4,heco,low N,1,10,NA,NA,NA,NA,
5-Mar,5,heco,low N,3,10,NA,NA,NA,NA,
5-Mar,6,heco,high N,1,10,NA,NA,NA,NA,
5-Mar,7,heco,high N,3,10,NA,NA,NA,NA,
5-Mar,8,heco,low N,3,10,NA,NA,NA,NA,
5-Mar,9,ceso,high N,3,10,NA,NA,NA,NA,
5-Mar,10,ceso,high N,4,10,16.9,30,N,NA,
5-Mar,11,ceso,high N,2,10,NA,NA,NA,NA,
5-Mar,12,ceso,low N,2,10,NA,NA,NA,NA,
5-Mar,13,ceso,low N,2,10,NA,NA,NA,NA,
5-Mar,14,ceso,high N,3,10,NA,NA,NA,NA,
5-Mar,15,ceso,low N,4,10,10.8,17,N,NA,
5-Mar,16,ceso,low N,1,10,NA,NA,NA,NA,
5-Mar,17,heco,high N,3,10,NA,NA,NA,NA,
5-Mar,18,heco,low N,2,10,NA,NA,NA,NA,
5-Mar,19,heco,high N,2,10,NA,NA,NA,NA,
5-Mar,20,ceso,high N,4,10,12.1,24,N,NA,
5-Mar,21,heco,high N,2,10,NA,NA,NA,NA,
5-Mar,22,ceso,low N,2,10,NA,NA,NA,NA,
5-Mar,23,ceso,low N,3,10,NA,NA,NA,NA,
5-Mar,24,heco,low N,3,10,9.2,17,N,NA,white spots
5-Mar,25,ceso,low N,4,10,NA,NA,NA,NA,
5-Mar,26,heco,high N,2,10,NA,NA,NA,NA,
5-Mar,27,heco,high N,3,10,NA,NA,NA,NA,
5-Mar,28,heco,low N,1,10,NA,NA,NA,NA,
5-Mar,29,heco,high N,2,10,NA,NA,NA,NA,
5-Mar,30,heco,high N,3,10,NA,NA,NA,NA,
5-Mar,31,heco,low N,1,10,NA,NA,NA,NA,
5-Mar,32,ceso,low N,3,10,NA,NA,NA,NA,
5-Mar,33,heco,high N,4,10,24.9,82,Y,0,
5-Mar,34,heco,high N,1,10,NA,NA,NA,NA,
5-Mar,35,ceso,low N,3,10,NA,NA,NA,NA,
5-Mar,36,heco,high N,4,10,30,68,Y,0,
5-Mar,37,heco,high N,2,10,NA,NA,NA,NA,
5-Mar,38,ceso,high N,2,10,NA,NA,NA,NA,
5-Mar,39,heco,low N,3,10,NA,NA,NA,NA,
5-Mar,40,ceso,low N,3,10,NA,NA,NA,NA,
5-Mar,41,heco,high N,2,10,NA,NA,NA,NA,
5-Mar,42,ceso,low N,1,10,NA,NA,NA,NA,
5-Mar,43,ceso,high N,4,10,16.4,34,ready,NA,
5-Mar,44,heco,low N,3,10,NA,NA,NA,NA,
5-Mar,45,heco,high N,1,10,NA,NA,NA,NA,
5-Mar,46,heco,low N,4,10,18.6,28,ready,NA,
5-Mar,47,ceso,high N,1,10,NA,NA,NA,NA,
5-Mar,48,ceso,high N,2,10,NA,NA,NA,NA,
5-Mar,49,heco,low N,3,10,NA,NA,NA,NA,
5-Mar,50,ceso,high N,2,10,NA,NA,NA,NA,
5-Mar,51,heco,high N,3,10,NA,NA,NA,NA,
5-Mar,52,heco,low N,3,10,NA,NA,NA,NA,
5-Mar,53,heco,high N,4,10,22.6,126,Y,0,
5-Mar,54,ceso,high N,3,10,NA,NA,NA,NA,
5-Mar,55,heco,high N,4,10,18.4,54,N,NA,
5-Mar,56,heco,low N,4,10,15.9,12,N,NA,
5-Mar,57,heco,high N,1,10,NA,NA,NA,NA,
5-Mar,58,ceso,high N,2,10,NA,NA,NA,NA,
5-Mar,59,ceso,low N,2,10,NA,NA,NA,NA,
5-Mar,60,heco,high N,3,10,NA,NA,NA,NA,
5-Mar,61,heco,high N,1,10,NA,NA,NA,NA,
5-Mar,62,ceso,low N,2,10,NA,NA,NA,NA,
5-Mar,63,heco,high N,3,10,NA,NA,NA,NA,
5-Mar,64,heco,high N,2,10,NA,NA,NA,NA,
5-Mar,65,heco,low N,3,10,NA,NA,NA,NA,
5-Mar,66,ceso,high N,1,10,NA,NA,NA,NA,
5-Mar,67,ceso,high N,4,10,64.2,69,Y,5,
5-Mar,68,ceso,low N,4,10,20.4,16,Y,1,
5-Mar,69,heco,low N,4,10,17.4,20,ready,NA,
5-Mar,70,heco,low N,4,10,20.3,26,Y,0,
5-Mar,71,ceso,low N,3,10,NA,NA,NA,NA,
5-Mar,72,ceso,low N,2,10,NA,NA,NA,NA,
5-Mar,73,heco,low N,2,10,NA,NA,NA,NA,
5-Mar,74,ceso,high N,1,10,NA,NA,NA,NA,
5-Mar,75,ceso,low N,4,10,13,21,ready,NA,
5-Mar,76,ceso,low N,1,10,NA,NA,NA,NA,
5-Mar,77,ceso,high N,1,10,NA,NA,NA,NA,
5-Mar,78,ceso,high N,3,10,NA,NA,NA,NA,
5-Mar,79,heco,low N,2,10,NA,NA,NA,NA,
5-Mar,80,ceso,low N,4,10,14.2,14,N,NA,
5-Mar,81,heco,low N,2,10,NA,NA,NA,NA,
5-Mar,82,ceso,high N,1,10,NA,NA,NA,NA,
5-Mar,83,heco,low N,1,10,NA,NA,NA,NA,
5-Mar,84,ceso,low N,3,10,NA,NA,NA,NA,
5-Mar,85,ceso,low N,4,10,11.9,16,N,NA,
5-Mar,86,heco,low N,3,10,NA,NA,NA,NA,
5-Mar,87,heco,high N,1,10,NA,NA,NA,NA,
5-Mar,88,ceso,high N,2,10,NA,NA,NA,NA,
5-Mar,89,heco,low N,1,10,NA,NA,NA,NA,
5-Mar,90,heco,high N,2,10,NA,NA,NA,NA,
5-Mar,91,ceso,high N,4,10,56.3,70,Y,6,
5-Mar,92,heco,low N,2,10,NA,NA,NA,NA,
5-Mar,93,ceso,high N,2,10,NA,NA,NA,NA,
5-Mar,94,heco,high N,3,10,NA,NA,NA,NA,
5-Mar,95,ceso,high N,4,10,10.8,30,N,NA,
5-Mar,96,ceso,high N,1,10,NA,NA,NA,NA,
5-Mar,97,heco,low N,1,10,NA,NA,NA,NA,
5-Mar,98,heco,low N,4,10,16.9,24,Y,NA,
5-Mar,99,ceso,low N,2,10,NA,NA,NA,NA,
5-Mar,100,ceso,high N,1,10,NA,NA,NA,NA,
5-Mar,101,ceso,high N,2,10,NA,NA,NA,NA,
5-Mar,102,heco,low N,2,10,NA,NA,NA,NA,
5-Mar,103,ceso,high N,3,10,NA,NA,NA,NA,
5-Mar,104,heco,low N,2,10,NA,NA,NA,NA,
5-Mar,105,heco,high N,2,10,NA,NA,NA,NA,
5-Mar,106,ceso,high N,3,10,NA,NA,NA,NA,
5-Mar,107,ceso,low N,3,10,NA,NA,NA,NA,
5-Mar,108,ceso,low N,1,10,NA,NA,NA,NA,
5-Mar,109,heco,low N,1,10,NA,NA,NA,NA,
5-Mar,110,heco,low N,2,10,NA,NA,NA,NA,
5-Mar,111,ceso,high N,4,10,72.2,74,Y,10,
5-Mar,112,heco,low N,1,10,NA,NA,NA,NA,
5-Mar,113,ceso,low N,4,10,10.2,16,N,NA,
5-Mar,114,heco,high N,3,10,NA,NA,NA,NA,
5-Mar,115,heco,high N,1,10,NA,NA,NA,NA,
5-Mar,116,ceso,low N,1,10,NA,NA,NA,NA,
5-Mar,117,ceso,low N,4,10,16.8,14,Y,0,
5-Mar,118,ceso,low N,1,10,NA,NA,NA,NA,
5-Mar,119,ceso,high N,4,10,46.1,33,Y,1,
5-Mar,120,ceso,low N,4,10,10.9,15,N,NA,
5-Mar,121,heco,high N,4,10,50.5,194,Y,5,
5-Mar,122,ceso,high N,2,10,NA,NA,NA,NA,
5-Mar,123,ceso,high N,1,10,NA,NA,NA,NA,
5-Mar,124,heco,high N,4,10,46.1,196,Y,7,
5-Mar,125,heco,high N,1,10,NA,NA,NA,NA,
5-Mar,126,heco,high N,4,10,40.8,172,Y,1,
5-Mar,127,heco,high N,4,10,51.5,188,Y,12,
5-Mar,128,heco,low N,1,10,NA,NA,NA,NA,
5-Mar,129,heco,low N,4,10,22.4,32,Y,0,
5-Mar,130,heco,high N,1,10,NA,NA,NA,NA,
5-Mar,131,ceso,high N,3,10,NA,NA,NA,NA,
5-Mar,132,heco,low N,4,10,18.4,24,ready,NA,
5-Mar,133,heco,high N,2,10,NA,NA,NA,NA,
5-Mar,134,heco,high N,1,10,NA,NA,NA,NA,
5-Mar,135,heco,low N,2,10,NA,NA,NA,NA,
5-Mar,136,ceso,low N,1,10,NA,NA,NA,NA,
5-Mar,137,ceso,low N,1,10,NA,NA,NA,NA,
5-Mar,138,ceso,low N,2,10,NA,NA,NA,NA,
5-Mar,139,heco,low N,3,10,NA,NA,NA,NA,
5-Mar,140,heco,low N,4,10,17.3,36,ready,NA,
5-Mar,141,ceso,low N,1,10,NA,NA,NA,NA,
5-Mar,142,ceso,high N,2,10,NA,NA,NA,NA,
5-Mar,143,heco,high N,4,10,57.2,248,Y,8,
5-Mar,144,heco,low N,2,10,NA,NA,NA,NA,
5-Mar,145,ceso,high N,4,10,12.8,25,N,NA,
5-Mar,146,ceso,low N,1,10,NA,NA,NA,NA,
5-Mar,147,ceso,low N,3,10,NA,NA,NA,NA,
5-Mar,148,ceso,high N,3,10,NA,NA,NA,NA,
5-Mar,149,ceso,high N,1,10,NA,NA,NA,NA,
5-Mar,150,heco,low N,4,10,13.1,34,ready,NA,
5-Mar,151,ceso,low N,2,10,NA,NA,NA,NA,
5-Mar,152,ceso,high N,3,10,NA,NA,NA,NA,
5-Mar,153,ceso,high N,1,10,NA,NA,NA,NA,
5-Mar,154,ceso,low N,2,10,NA,NA,NA,NA,
5-Mar,155,ceso,low N,4,10,11.6,20,N,NA,
5-Mar,156,ceso,low N,3,10,NA,NA,NA,NA,
5-Mar,157,ceso,high N,4,10,18.8,27,Y,0,
5-Mar,158,ceso,low N,3,10,NA,NA,NA,NA,
5-Mar,159,ceso,high N,3,10,NA,NA,NA,NA,
5-Mar,160,heco,low N,1,10,NA,NA,NA,NA,
